,Low,High,Close,Volume
2010-12-09,13.972,14.402,14.054,20100
2010-12-10,13.717,14.199,13.972,7200
2010-12-13,13.978,14.478,14.001,14400
2010-12-14,14.112,14.454,14.251,3400
2010-12-15,14.286,14.408,14.286,2600
2010-12-16,14.309,14.873,14.71,5900
2010-12-17,14.449,14.902,14.902,19300
2010-12-20,14.664,14.809,14.768,2700
2010-12-21,14.739,15.047,14.937,8100
2010-12-22,14.28,15.088,14.937,16900
2010-12-23,14.739,14.931,14.873,2400
2010-12-27,14.96,14.96,14.96,700
2010-12-28,14.89,15.165,15.089,12300
2010-12-29,14.96,15.153,15.054,8000
2010-12-30,14.421,15.048,14.808,2400
2010-12-31,14.45,14.978,14.45,3800
2011-01-03,14.638,15.265,15.206,12400
2011-01-04,14.702,15.159,14.731,9800
2011-01-05,14.714,14.995,14.936,5800
2011-01-06,14.614,14.901,14.884,9200
2011-01-07,14.385,14.948,14.426,15500
2011-01-10,14.233,14.638,14.327,17200
2011-01-11,14.262,14.579,14.262,18700
2011-01-12,13.934,14.573,13.952,13500
2011-01-13,13.565,14.21,13.571,11700
2011-01-14,13.606,13.893,13.764,12600
2011-01-18,13.483,13.852,13.606,8200
2011-01-19,13.025,13.694,13.119,26000
2011-01-20,12.896,13.377,12.896,21200
2011-01-21,12.762,13.19,12.803,24700
2011-01-24,12.902,13.436,13.266,9200
2011-01-25,13.113,13.623,13.377,21300
2011-01-26,13.424,13.799,13.747,6800
2011-01-27,13.453,13.776,13.717,6900
2011-01-28,12.668,13.746,12.721,18100
2011-01-31,12.832,13.307,13.307,13000
2011-02-01,13.395,13.84,13.793,18900
2011-02-02,13.582,13.77,13.705,4200
2011-02-03,13.266,13.752,13.594,5200
2011-02-04,13.342,13.612,13.424,10500
2011-02-07,13.342,13.618,13.395,5000
2011-02-08,13.102,13.518,13.26,7200
2011-02-09,12.855,13.195,13.049,9800
2011-02-10,12.891,13.242,13.002,12700
2011-02-11,12.814,13.149,13.143,9700
2011-02-14,12.967,13.278,13.072,7300
2011-02-15,12.615,13.108,12.885,12200
2011-02-16,12.873,13.154,13.008,6800
2011-02-17,12.926,13.131,13.031,9900
2011-02-18,13.008,13.477,13.102,8600
2011-02-22,12.756,13.418,12.832,13500
2011-02-23,12.779,13.055,12.779,8800
2011-02-24,12.791,12.996,12.961,11000
2011-02-25,12.791,12.984,12.803,3600
2011-02-28,12.932,13.002,12.973,5700
2011-03-01,12.633,12.984,12.644,11600
2011-03-02,12.375,12.756,12.486,12300
2011-03-03,12.545,12.943,12.562,9900
2011-03-04,12.398,12.545,12.398,5000
2011-03-07,12.111,12.492,12.275,21900
2011-03-08,12.316,12.75,12.732,18900
2011-03-09,12.75,13.219,13.061,19000
2011-03-10,12.697,13.119,12.721,19900
2011-03-11,12.691,12.855,12.809,13300
2011-03-14,12.609,12.897,12.715,9300
2011-03-15,12.322,12.703,12.527,17500
2011-03-16,12.404,12.703,12.404,9000
2011-03-17,12.51,12.744,12.65,15300
2011-03-18,12.68,12.867,12.861,25800
2011-03-21,12.768,13.219,12.938,22500
2011-03-22,12.938,13.031,12.938,1800
2011-03-23,12.838,13.037,13.031,6400
2011-03-24,12.85,13.365,13.213,37400
2011-03-25,12.902,13.377,12.902,14400
2011-03-28,12.785,13.184,12.797,23800
2011-03-29,12.826,12.961,12.92,6700
2011-03-30,12.973,13.26,13.096,36000
2011-03-31,12.908,13.19,13.113,14100
2011-04-01,12.955,13.16,13.16,14300
2011-04-04,13.049,13.219,13.166,4700
2011-04-05,13.02,13.184,13.108,7700
2011-04-06,13.131,13.371,13.195,12000
2011-04-07,13.154,13.26,13.254,5000
2011-04-08,13.118,13.45,13.118,4400
2011-04-11,12.792,13.236,12.792,16000
2011-04-12,12.603,12.922,12.739,9900
2011-04-13,12.603,12.94,12.668,15200
2011-04-14,12.591,12.697,12.614,12500
2011-04-15,12.46,12.644,12.49,17400
2011-04-18,12.241,12.449,12.277,20700
2011-04-19,12.354,12.982,12.603,36800
2011-04-20,12.472,12.851,12.537,15400
2011-04-21,12.443,12.65,12.484,5000
2011-04-25,12.443,12.626,12.597,5600
2011-04-26,12.603,12.822,12.733,14800
2011-04-27,12.68,12.899,12.686,13000
2011-04-28,12.472,12.614,12.579,7900
2011-04-29,12.443,12.709,12.674,23000
2011-05-02,12.502,12.751,12.644,20000
2011-05-03,12.674,12.768,12.674,4700
2011-05-04,12.508,12.715,12.532,14500
2011-05-05,12.449,12.727,12.478,13900
2011-05-06,12.478,12.626,12.543,8200
2011-05-09,12.472,12.65,12.65,5800
2011-05-10,12.656,12.851,12.851,2100
2011-05-11,12.65,12.845,12.68,9000
2011-05-12,12.65,12.834,12.727,4900
2011-05-13,12.579,12.674,12.597,6600
2011-05-16,12.472,12.721,12.484,13100
2011-05-17,12.472,12.715,12.65,3300
2011-05-18,12.62,12.816,12.816,5700
2011-05-19,12.739,12.928,12.78,5100
2011-05-20,12.65,12.804,12.65,8900
2011-05-23,12.455,12.638,12.455,28200
2011-05-24,12.466,12.626,12.502,11100
2011-05-25,12.496,12.674,12.632,5800
2011-05-26,12.62,12.786,12.644,4400
2011-05-27,12.603,12.691,12.668,2600
2011-05-31,12.668,12.982,12.982,22100
2011-06-01,12.585,12.97,12.585,9900
2011-06-02,12.549,12.745,12.561,5000
2011-06-03,12.301,12.691,12.36,17000
2011-06-06,12.348,12.502,12.372,9900
2011-06-07,12.354,12.609,12.52,5600
2011-06-08,12.472,12.68,12.614,3100
2011-06-09,12.632,12.715,12.703,4100
2011-06-10,12.472,12.691,12.496,8400
2011-06-13,12.496,12.62,12.52,8300
2011-06-14,12.644,12.94,12.934,7100
2011-06-15,12.638,12.834,12.715,6400
2011-06-16,12.502,12.964,12.922,12700
2011-06-17,12.887,13.183,12.999,20500
2011-06-20,12.964,13.307,13.26,15900
2011-06-21,13.195,13.455,13.432,12600
2011-06-22,13.248,13.473,13.26,11800
2011-06-23,13.047,13.378,13.343,9000
2011-06-24,12.461,13.473,12.662,145100
2011-06-27,12.36,12.934,12.52,44000
2011-06-28,12.384,12.763,12.49,14400
2011-06-29,12.407,12.585,12.407,5500
2011-06-30,12.466,12.786,12.603,15000
2011-07-01,12.65,12.911,12.834,14300
2011-07-05,12.81,12.97,12.905,7100
2011-07-06,12.727,12.875,12.857,8100
2011-07-07,12.899,13.177,13.142,11400
2011-07-08,12.964,13.13,13.011,5500
2011-07-11,12.502,12.94,12.65,18100
2011-07-12,12.656,12.922,12.792,14700
2011-07-13,12.81,13.038,12.942,11600
2011-07-14,12.349,12.954,12.349,18600
2011-07-15,12.349,12.613,12.409,16900
2011-07-18,11.99,12.505,12.319,32000
2011-07-19,12.361,12.631,12.505,17200
2011-07-20,12.397,12.762,12.469,21600
2011-07-21,12.451,12.858,12.535,13500
2011-07-22,12.379,13.097,12.559,36800
2011-07-25,12.427,12.738,12.463,16700
2011-07-26,12.337,12.684,12.421,23200
2011-07-27,12.271,12.451,12.325,14800
2011-07-28,12.385,12.565,12.559,8900
2011-07-29,12.343,12.547,12.475,18300
2011-08-01,12.409,12.72,12.451,12200
2011-08-02,12.211,12.678,12.217,13200
2011-08-03,12.289,12.816,12.756,31200
2011-08-04,12.343,12.75,12.373,15000
2011-08-05,12.217,12.732,12.631,18400
2011-08-08,11.487,12.607,11.487,24700
2011-08-09,11.475,12.571,12.421,31300
2011-08-10,11.373,12.475,11.523,49000
2011-08-11,11.607,12.511,12.038,26300
2011-08-12,11.493,12.331,11.523,11400
2011-08-15,11.607,11.99,11.852,16200
2011-08-16,11.529,11.757,11.613,15900
2011-08-17,11.577,11.84,11.667,6500
2011-08-18,10.817,11.649,10.93,28500
2011-08-19,10.757,11.361,10.793,49500
2011-08-22,10.685,11.092,10.829,23800
2011-08-23,10.775,12.08,11.733,36800
2011-08-24,11.427,12.259,12.259,10600
2011-08-25,11.81,12.349,11.96,21800
2011-08-26,11.96,12.295,12.2,7000
2011-08-29,11.822,12.391,12.253,32800
2011-08-30,11.864,12.229,11.972,13700
2011-08-31,11.763,12.277,11.763,21900
2011-09-01,11.511,12.493,11.541,17800
2011-09-02,10.685,11.523,10.913,34000
2011-09-06,10.775,11.32,11.044,27100
2011-09-07,11.134,11.733,11.469,27200
2011-09-08,11.002,11.613,11.014,14200
2011-09-09,10.625,11.062,10.751,27900
2011-09-12,10.589,11.122,10.96,19100
2011-09-13,10.966,11.673,11.559,31700
2011-09-14,11.308,11.894,11.727,24300
2011-09-15,11.613,11.781,11.751,4400
2011-09-16,11.679,11.822,11.679,16200
2011-09-19,11.14,11.553,11.403,7300
2011-09-20,11.278,11.948,11.302,30100
2011-09-21,10.709,11.499,10.733,14100
2011-09-22,10.422,10.966,10.637,29500
2011-09-23,10.631,11.092,10.841,12700
2011-09-26,10.488,11.164,11.116,21300
2011-09-27,11.032,11.517,11.158,20800
2011-09-28,10.703,11.487,10.703,9600
2011-09-29,10.817,11.158,11.116,17400
2011-09-30,10.895,11.2,10.954,9500
2011-10-03,10.362,11.116,10.482,34200
2011-10-04,10.422,11.954,11.948,30800
2011-10-05,11.553,11.888,11.822,27600
2011-10-06,11.719,12.028,11.968,24200
2011-10-07,11.295,11.98,11.483,18300
2011-10-10,11.302,11.853,11.81,21800
2011-10-11,11.471,11.78,11.586,16800
2011-10-12,11.556,11.895,11.713,22200
2011-10-13,11.241,11.701,11.332,15100
2011-10-14,11.035,11.507,11.138,15400
2011-10-17,10.714,11.12,10.781,27500
2011-10-18,10.787,11.295,10.987,26500
2011-10-19,10.787,11.096,10.793,22000
2011-10-20,10.708,11.005,10.75,27400
2011-10-21,10.75,11.12,10.823,35900
2011-10-24,10.841,11.332,11.126,49100
2011-10-25,10.92,11.289,10.95,30200
2011-10-26,10.999,11.732,11.616,22100
2011-10-27,11.841,12.731,12.592,48600
2011-10-28,11.762,12.719,12.47,12900
2011-10-31,11.556,12.313,11.659,26500
2011-11-01,11.132,11.707,11.205,15100
2011-11-02,11.429,11.853,11.726,18400
2011-11-03,11.441,12.271,12.21,21200
2011-11-04,11.762,12.107,11.962,4400
2011-11-07,11.629,12.059,11.98,9500
2011-11-08,11.865,12.258,12.137,13200
2011-11-09,11.58,11.913,11.641,19100
2011-11-10,11.568,11.901,11.659,12800
2011-11-11,11.677,12.101,12.04,16300
2011-11-14,11.713,12.028,11.774,14000
2011-11-15,11.713,11.992,11.937,9700
2011-11-16,11.78,12.083,11.968,16100
2011-11-17,11.937,12.598,11.937,12000
2011-11-18,11.907,12.107,11.907,8800
2011-11-21,11.641,11.75,11.641,11200
2011-11-22,10.993,11.538,11.32,4100
2011-11-23,10.835,11.411,10.95,21900
2011-11-25,10.878,11.108,10.974,6900
2011-11-28,11.199,11.526,11.411,15000
2011-11-29,11.211,11.538,11.259,10300
2011-11-30,11.235,11.937,11.695,45700
2011-12-01,11.289,11.732,11.302,18500
2011-12-02,11.253,11.556,11.405,13700
2011-12-05,11.447,11.598,11.507,29600
2011-12-06,11.483,11.744,11.665,7100
2011-12-07,11.405,11.883,11.859,10200
2011-12-08,11.302,11.798,11.35,20300
2011-12-09,11.392,11.841,11.822,11000
2011-12-12,11.314,11.647,11.459,18600
2011-12-13,11.302,11.604,11.374,10200
2011-12-14,11.259,11.962,11.937,13200
2011-12-15,11.847,12.289,12.289,11600
2011-12-16,12.101,12.331,12.234,48000
2011-12-19,11.853,12.398,12.071,40800
2011-12-20,12.24,12.604,12.579,53600
2011-12-21,12.331,12.513,12.386,5000
2011-12-22,12.095,12.355,12.252,4900
2011-12-23,12.216,12.349,12.307,6800
2011-12-27,12.071,12.204,12.174,2600
2011-12-28,11.635,12.047,11.78,5900
2011-12-29,11.828,12.095,12.083,10300
2011-12-30,11.944,12.38,12.053,14400
2012-01-03,12.271,12.719,12.719,25900
2012-01-04,12.301,12.713,12.464,16600
2012-01-05,12.004,12.452,12.386,11900
2012-01-06,12.113,12.386,12.186,12000
2012-01-09,12.113,12.386,12.374,12800
2012-01-10,12.149,12.713,12.628,14800
2012-01-11,12.458,13.276,12.81,21700
2012-01-12,12.501,13.24,13.046,17800
2012-01-13,12.574,13.101,12.685,20400
2012-01-17,12.562,13.052,12.697,17100
2012-01-18,12.311,12.917,12.703,14400
2012-01-19,12.244,12.752,12.489,15300
2012-01-20,12.348,12.697,12.501,14600
2012-01-23,12.011,12.96,12.066,35500
2012-01-24,11.644,12.189,12.06,21400
2012-01-25,11.815,12.244,12.244,24000
2012-01-26,11.993,12.299,12.048,17500
2012-01-27,11.889,12.097,11.974,16300
2012-01-30,11.546,12.005,11.858,35300
2012-01-31,11.76,11.981,11.815,27700
2012-02-01,11.864,12.281,12.281,24500
2012-02-02,12.091,12.55,12.342,34300
2012-02-03,12.305,12.85,12.605,25400
2012-02-06,12.476,12.697,12.495,5700
2012-02-07,12.513,12.832,12.825,24000
2012-02-08,12.654,12.93,12.832,4400
2012-02-09,12.679,12.825,12.734,14200
2012-02-10,12.532,12.856,12.581,11400
2012-02-13,12.691,12.868,12.807,9200
2012-02-14,12.55,12.758,12.63,9400
2012-02-15,12.599,12.825,12.599,8100
2012-02-16,12.623,12.887,12.764,9000
2012-02-17,12.776,12.978,12.911,9000
2012-02-21,12.348,12.991,12.715,4800
2012-02-22,12.311,12.881,12.428,16200
2012-02-23,12.354,12.77,12.77,11900
2012-02-24,12.642,12.795,12.672,8300
2012-02-27,12.415,12.746,12.727,3800
2012-02-28,12.617,12.746,12.715,3100
2012-02-29,12.25,12.691,12.281,13500
2012-03-01,12.25,12.336,12.25,24700
2012-03-02,11.699,12.305,11.815,26000
2012-03-05,11.73,12.238,12.17,14200
2012-03-06,11.962,12.152,12.011,6800
2012-03-07,11.956,12.366,12.366,9300
2012-03-08,12.164,12.428,12.428,3000
2012-03-09,12.385,12.893,12.838,12000
2012-03-12,12.776,13.119,13.015,13500
2012-03-13,13.187,13.854,13.511,30000
2012-03-14,13.37,13.646,13.37,5900
2012-03-15,13.34,13.542,13.48,5000
2012-03-16,13.125,13.505,13.401,26100
2012-03-19,13.321,13.756,13.67,5500
2012-03-20,13.278,13.56,13.278,6300
2012-03-21,12.874,13.413,12.936,5100
2012-03-22,12.446,12.887,12.507,7500
2012-03-23,12.44,13.132,13.107,6700
2012-03-26,13.07,13.64,13.603,11100
2012-03-27,13.401,13.768,13.474,3700
2012-03-28,13.058,13.364,13.083,4500
2012-03-29,12.66,13.193,12.972,3800
2012-03-30,12.77,13.107,12.838,7800
2012-04-02,12.617,13.285,13.26,10100
2012-04-03,12.874,13.174,12.936,7600
2012-04-04,12.654,13.015,12.752,13400
2012-04-05,12.721,12.942,12.776,3500
2012-04-09,12.366,12.672,12.366,10000
2012-04-10,11.974,12.581,12.048,23200
2012-04-11,12.011,12.617,12.605,13700
2012-04-12,12.538,13.052,12.991,8000
2012-04-13,12.366,12.93,12.366,5900
2012-04-16,12.256,12.764,12.764,6700
2012-04-17,12.628,13.092,12.709,12800
2012-04-18,12.232,12.758,12.263,16500
2012-04-19,11.947,12.492,11.972,24700
2012-04-20,12.077,12.492,12.083,19900
2012-04-23,11.885,12.114,11.959,34600
2012-04-24,11.922,12.418,12.393,23800
2012-04-25,12.43,12.764,12.566,21300
2012-04-26,12.306,12.715,12.374,14800
2012-04-27,12.238,12.498,12.399,23600
2012-04-30,12.059,12.349,12.059,19000
2012-05-01,12.071,12.319,12.077,20000
2012-05-02,11.959,12.213,12.089,8200
2012-05-03,11.768,12.226,11.904,9800
2012-05-04,11.563,12.009,11.854,29400
2012-05-07,11.761,12.083,11.953,6400
2012-05-08,11.83,12.219,12.158,12300
2012-05-09,12.04,12.244,12.158,6100
2012-05-10,12.17,12.356,12.219,9500
2012-05-11,11.854,12.263,11.959,11600
2012-05-14,11.768,12.12,12.046,15700
2012-05-15,11.997,12.219,12.059,4800
2012-05-16,12.065,12.164,12.089,5200
2012-05-17,11.836,12.164,11.885,9000
2012-05-18,11.83,12.028,11.941,8600
2012-05-21,11.879,12.232,12.226,16500
2012-05-22,11.7,12.603,11.774,19000
2012-05-23,11.607,12.102,12.102,14000
2012-05-24,11.997,12.405,12.244,17100
2012-05-25,12.158,12.337,12.244,4800
2012-05-29,12.281,12.418,12.405,5600
2012-05-30,12.232,12.405,12.25,6500
2012-05-31,12.133,12.461,12.133,16000
2012-06-01,11.792,12.133,11.805,10700
2012-06-04,11.86,12.003,11.929,4000
2012-06-05,11.916,12.281,12.238,10100
2012-06-06,12.269,12.51,12.362,12200
2012-06-07,12.17,12.572,12.238,21800
2012-06-08,12.226,12.38,12.38,5300
2012-06-11,12.281,12.541,12.294,25500
2012-06-12,12.43,12.962,12.808,15200
2012-06-13,12.634,12.962,12.789,8900
2012-06-14,12.808,12.999,12.993,9000
2012-06-15,12.944,13.309,13.136,26200
2012-06-18,12.931,13.557,13.34,18700
2012-06-19,13.266,13.817,13.711,22300
2012-06-20,13.21,13.711,13.488,6100
2012-06-21,13.148,13.557,13.328,11200
2012-06-22,13.396,14.324,13.947,364300
2012-06-25,13.408,14.108,14.089,12600
2012-06-26,13.953,14.2,14.058,6000
2012-06-27,14.021,14.361,14.361,6300
2012-06-28,13.984,14.423,14.225,5700
2012-06-29,14.361,14.689,14.603,17200
2012-07-02,14.367,14.733,14.64,13200
2012-07-03,14.454,14.696,14.689,11600
2012-07-05,14.467,14.609,14.578,2000
2012-07-06,14.163,14.528,14.268,5100
2012-07-09,14.039,14.268,14.12,7700
2012-07-10,14.052,14.244,14.237,9200
2012-07-11,14.194,14.386,14.299,7100
2012-07-12,14.157,14.392,14.25,12300
2012-07-13,14.238,14.714,14.51,21200
2012-07-16,14.046,14.535,14.299,17800
2012-07-17,14.274,14.462,14.312,6700
2012-07-18,14.024,14.287,14.024,12900
2012-07-19,13.243,14.049,13.268,8700
2012-07-20,12.236,13.493,12.349,15500
2012-07-23,12.124,12.793,12.436,22200
2012-07-24,12.205,12.649,12.242,20900
2012-07-25,12.13,12.392,12.33,21900
2012-07-26,12.442,12.718,12.567,17200
2012-07-27,12.511,12.749,12.636,13500
2012-07-30,12.442,12.63,12.449,14800
2012-07-31,12.442,12.58,12.536,28100
2012-08-01,12.43,12.786,12.43,50400
2012-08-02,12.28,12.386,12.292,11400
2012-08-03,12.524,12.818,12.761,10400
2012-08-06,12.693,12.83,12.693,4400
2012-08-07,12.517,12.755,12.63,10700
2012-08-08,12.386,12.661,12.567,4800
2012-08-09,12.517,12.642,12.586,6000
2012-08-10,12.455,12.599,12.505,5000
2012-08-13,12.405,12.567,12.467,2300
2012-08-14,12.261,12.542,12.274,10200
2012-08-15,12.261,12.467,12.436,8400
2012-08-16,12.274,12.474,12.474,5100
2012-08-17,12.261,12.474,12.474,13800
2012-08-20,12.299,12.768,12.668,13500
2012-08-21,12.743,13.08,12.968,11200
2012-08-22,13.118,13.374,13.261,4100
2012-08-23,12.918,13.337,13.068,9200
2012-08-24,12.993,13.224,13.224,6100
2012-08-27,13.024,13.312,13.099,4100
2012-08-28,12.861,13.13,12.999,11400
2012-08-29,12.905,13.161,12.999,3900
2012-08-30,12.605,12.943,12.605,4300
2012-08-31,12.611,12.805,12.661,6000
2012-09-04,12.474,12.811,12.655,10600
2012-09-05,12.668,13.03,12.793,16500
2012-09-06,12.761,13.437,13.412,17000
2012-09-07,13.099,13.443,13.355,14300
2012-09-10,13.249,13.405,13.268,5000
2012-09-11,13.268,13.443,13.374,11500
2012-09-12,13.243,13.612,13.299,14700
2012-09-13,13.255,13.793,13.574,18700
2012-09-14,13.624,13.805,13.699,14700
2012-09-17,13.524,14.124,13.949,4600
2012-09-18,13.18,14.168,14.018,5300
2012-09-19,13.962,14.224,14.056,19000
2012-09-20,13.88,14.193,14.093,6200
2012-09-21,14.156,14.687,14.65,33200
2012-09-24,14.443,15.037,15.018,15400
2012-09-25,14.281,15.25,14.381,17800
2012-09-26,14.387,15.506,15.344,24700
2012-09-27,14.9,15.319,15.25,13600
2012-09-28,14.531,15.194,14.575,14400
2012-10-01,14.268,14.881,14.431,18500
2012-10-02,13.924,14.468,14.168,11100
2012-10-03,14.018,14.293,14.274,4600
2012-10-04,14.074,14.381,14.262,7600
2012-10-05,14.224,14.437,14.324,8100
2012-10-08,14.224,14.587,14.349,8300
2012-10-09,14.181,14.324,14.237,7900
2012-10-10,14.274,14.587,14.531,7900
2012-10-11,14.412,14.612,14.499,3000
2012-10-12,14.256,14.456,14.262,4900
2012-10-15,14.363,14.508,14.508,4600
2012-10-16,14.281,14.559,14.445,5200
2012-10-17,13.813,14.477,14.035,9000
2012-10-18,13.005,14.11,13.005,22400
2012-10-19,12.487,13.125,12.512,27800
2012-10-22,12.487,12.727,12.531,23600
2012-10-23,12.386,12.759,12.727,30600
2012-10-24,12.645,12.879,12.683,20900
2012-10-25,12.639,12.872,12.809,20300
2012-10-26,12.544,12.809,12.601,24100
2012-10-31,12.474,12.721,12.632,19100
2012-11-01,12.544,12.828,12.677,17800
2012-11-02,12.474,12.898,12.512,24000
2012-11-05,12.538,12.841,12.601,10000
2012-11-06,12.67,12.822,12.778,5000
2012-11-07,12.184,12.651,12.234,28100
2012-11-08,12.253,12.43,12.253,11000
2012-11-09,12.171,12.544,12.272,12900
2012-11-12,12.146,12.563,12.298,12800
2012-11-13,12.165,12.367,12.19,3900
2012-11-14,12.02,12.367,12.045,18100
2012-11-15,12.039,13.131,12.354,6100
2012-11-16,12.133,12.367,12.19,23600
2012-11-19,12.317,12.557,12.449,9200
2012-11-20,11.843,12.569,12.234,216600
2012-11-21,12.342,12.474,12.424,6700
2012-11-23,12.323,12.519,12.493,10000
2012-11-26,12.386,12.519,12.399,7100
2012-11-27,12.38,12.512,12.405,34800
2012-11-28,12.228,12.557,12.455,13900
2012-11-29,12.506,12.727,12.544,17100
2012-11-30,12.43,12.727,12.664,14600
2012-12-03,12.55,12.746,12.626,12500
2012-12-04,12.544,12.651,12.626,8200
2012-12-05,12.62,12.664,12.645,12300
2012-12-06,12.69,12.811,12.811,4300
2012-12-07,12.76,12.83,12.824,4400
2012-12-10,12.69,12.952,12.907,15500
2012-12-11,12.913,13.022,12.945,20400
2012-12-12,12.913,13.124,12.926,13000
2012-12-13,12.677,12.977,12.715,18100
2012-12-14,12.626,12.747,12.671,15500
2012-12-17,12.645,12.786,12.754,18600
2012-12-18,12.69,13.06,12.945,17000
2012-12-19,12.798,12.996,12.926,14800
2012-12-20,12.926,13.265,13.163,18800
2012-12-21,12.881,13.265,12.92,64200
2012-12-24,12.715,12.99,12.754,5000
2012-12-26,12.626,12.862,12.76,8600
2012-12-27,12.594,12.856,12.677,23600
2012-12-28,12.587,12.913,12.817,24900
2012-12-31,12.786,13.099,12.996,44900
2013-01-02,13.067,13.437,13.354,35300
2013-01-03,13.182,13.412,13.271,6600
2013-01-04,13.252,13.571,13.571,5700
2013-01-07,13.226,13.463,13.226,6000
2013-01-08,13.105,13.431,13.163,14500
2013-01-09,13.111,13.571,13.456,4800
2013-01-10,13.29,13.463,13.386,4000
2013-01-11,13.169,13.424,13.226,9700
2013-01-14,13.188,13.309,13.265,2700
2013-01-15,13.15,13.303,13.207,3000
2013-01-16,13.118,13.226,13.131,5700
2013-01-17,13.105,13.29,13.137,4700
2013-01-18,13.035,13.22,13.188,9800
2013-01-22,12.99,13.284,13.182,7800
2013-01-23,13.131,13.278,13.131,2500
2013-01-24,13.079,13.258,13.131,3800
2013-01-25,12.945,13.156,12.996,8800
2013-01-28,12.971,13.105,13.079,5100
2013-01-29,13.041,13.278,13.278,7400
2013-01-30,13.079,13.22,13.111,3400
2013-01-31,12.888,13.099,13.06,10000
2013-02-01,12.984,13.246,13.175,13100
2013-02-04,12.792,13.073,12.83,20800
2013-02-05,12.881,13.131,13.124,24400
2013-02-06,13.028,13.15,13.086,2500
2013-02-07,13.054,13.156,13.099,3000
2013-02-08,13.143,13.278,13.258,6900
2013-02-11,13.194,13.373,13.367,5100
2013-02-12,13.348,13.373,13.373,24100
2013-02-13,13.297,13.968,13.916,6300
2013-02-14,13.865,14.057,13.974,7500
2013-02-15,13.814,14.057,13.814,12800
2013-02-19,13.642,14.006,13.667,9500
2013-02-20,13.508,13.897,13.533,13900
2013-02-21,13.463,13.597,13.597,3300
2013-02-22,13.642,13.993,13.974,17700
2013-02-25,13.38,14.006,13.501,21900
2013-02-26,13.565,13.846,13.814,4900
2013-02-27,13.782,13.936,13.846,5000
2013-02-28,13.418,13.712,13.456,14100
2013-03-01,13.348,13.763,13.655,3000
2013-03-04,13.482,13.808,13.648,8000
2013-03-05,13.61,13.744,13.661,13400
2013-03-06,13.297,13.744,13.571,11100
2013-03-07,13.367,13.616,13.616,4100
2013-03-08,13.674,13.789,13.674,4800
2013-03-11,13.258,13.68,13.546,5800
2013-03-12,13.418,13.635,13.552,3000
2013-03-13,13.539,13.661,13.635,2300
2013-03-14,13.482,13.738,13.731,2400
2013-03-15,13.488,13.814,13.565,28400
2013-03-18,13.424,13.635,13.469,3300
2013-03-19,13.45,13.629,13.584,5200
2013-03-20,13.565,13.718,13.693,5700
2013-03-21,13.495,13.578,13.508,6800
2013-03-22,13.501,13.814,13.814,4100
2013-03-25,13.706,13.853,13.757,12000
2013-03-26,13.699,13.891,13.891,2000
2013-03-27,13.667,13.84,13.75,5200
2013-03-28,13.718,13.878,13.744,13200
2013-04-01,13.303,13.642,13.495,20300
2013-04-02,13.584,13.929,13.738,15800
2013-04-03,13.571,13.808,13.629,14400
2013-04-04,13.424,13.725,13.699,8200
2013-04-05,13.424,13.597,13.495,8400
2013-04-08,13.539,13.808,13.686,8200
2013-04-09,13.616,14.095,14.031,8500
2013-04-10,13.929,14.498,14.466,13300
2013-04-11,14.396,14.824,14.549,9900
2013-04-12,14.287,14.728,14.415,19400
2013-04-15,13.239,14.696,13.463,34600
2013-04-16,13.605,13.909,13.831,15400
2013-04-17,13.075,14.051,13.101,22000
2013-04-18,12.933,13.204,12.946,22700
2013-04-19,12.94,13.191,13.056,19500
2013-04-22,12.797,13.224,12.952,23300
2013-04-23,12.946,13.179,13.049,26200
2013-04-24,12.991,13.566,13.004,22400
2013-04-25,12.998,13.308,13.108,25800
2013-04-26,12.927,13.211,13.146,46100
2013-04-29,13.088,13.347,13.172,22900
2013-04-30,12.985,13.224,13.043,28600
2013-05-01,12.449,13.12,12.533,47300
2013-05-02,12.642,13.166,12.959,27100
2013-05-03,13.14,13.56,13.424,43900
2013-05-06,13.482,13.857,13.741,14300
2013-05-07,13.702,13.973,13.825,25800
2013-05-08,13.637,13.85,13.644,16800
2013-05-09,13.508,13.741,13.508,6700
2013-05-10,13.424,13.592,13.547,5100
2013-05-13,13.463,13.579,13.463,1600
2013-05-14,13.437,13.586,13.586,7000
2013-05-15,13.508,13.695,13.514,6600
2013-05-16,13.392,13.721,13.469,8400
2013-05-17,13.495,13.799,13.721,14700
2013-05-20,13.695,13.825,13.818,18900
2013-05-21,13.766,13.837,13.773,5900
2013-05-22,13.431,14.031,13.54,32100
2013-05-23,13.443,13.863,13.67,13200
2013-05-24,13.411,13.734,13.573,9400
2013-05-28,13.618,13.825,13.728,13300
2013-05-29,13.598,13.825,13.682,10000
2013-05-30,13.689,14.012,13.831,13200
2013-05-31,13.766,13.889,13.831,14000
2013-06-03,13.728,14.212,14.206,30200
2013-06-04,13.863,14.406,14.096,25600
2013-06-05,13.87,14.277,14.115,12400
2013-06-06,14.089,14.264,14.251,14100
2013-06-07,13.999,14.406,14.154,10100
2013-06-10,14.005,14.141,14.135,700
2013-06-11,13.65,14.025,13.947,8600
2013-06-12,13.695,14.025,13.715,3900
2013-06-13,13.65,14.438,14.361,14700
2013-06-14,13.721,14.374,13.721,16900
2013-06-17,13.715,14.135,13.96,12100
2013-06-18,13.993,14.18,14.102,12800
2013-06-19,13.773,14.199,13.896,8400
2013-06-20,13.372,13.909,13.534,20600
2013-06-21,13.605,14.186,14.051,37600
2013-06-24,13.573,14.089,13.921,15900
2013-06-25,13.805,14.4,14.309,18600
2013-06-26,14.083,14.4,14.193,10600
2013-06-27,14.102,14.432,14.387,10700
2013-06-28,14.161,14.574,14.535,63200
2013-07-01,14.49,14.813,14.671,12100
2013-07-02,14.477,14.858,14.671,11000
2013-07-03,14.471,14.826,14.755,10500
2013-07-05,14.755,15.02,15.013,11700
2013-07-08,14.994,15.142,15.117,8200
2013-07-09,15.071,15.633,15.575,18200
2013-07-10,15.02,15.711,15.537,16400
2013-07-11,15.44,15.808,15.717,19500
2013-07-12,15.465,15.743,15.633,10800
2013-07-15,15.327,15.679,15.47,17300
2013-07-16,15.399,16.116,15.979,25200
2013-07-17,15.718,16.175,16.103,19400
2013-07-18,15.77,16.299,16.077,13600
2013-07-19,16.012,16.142,16.07,9900
2013-07-22,15.862,16.233,16.103,10200
2013-07-23,15.849,16.194,15.933,34500
2013-07-24,15.764,16.123,15.855,18600
2013-07-25,15.705,16.038,15.94,23900
2013-07-26,15.02,15.803,15.19,33500
2013-07-29,14.368,15.301,14.375,33800
2013-07-30,13.859,14.59,14.016,43400
2013-07-31,13.872,14.225,13.983,28400
2013-08-01,14.055,14.518,14.205,14000
2013-08-02,13.866,14.238,14.153,14100
2013-08-05,13.925,14.172,14.146,11100
2013-08-06,13.885,14.218,14.042,9700
2013-08-07,13.866,14.159,14.042,6200
2013-08-08,13.99,14.225,14.199,6000
2013-08-09,13.892,14.133,14.022,7300
2013-08-12,13.899,14.114,14.003,4600
2013-08-13,13.722,14.029,13.951,7100
2013-08-14,13.638,13.983,13.912,13100
2013-08-15,13.435,13.859,13.605,25000
2013-08-16,13.514,13.964,13.67,18200
2013-08-19,13.742,14.12,13.84,20800
2013-08-20,13.729,14.316,14.12,22100
2013-08-21,13.801,14.362,13.97,12600
2013-08-22,13.97,14.316,14.218,12900
2013-08-23,13.892,14.329,14.264,9900
2013-08-26,14.042,14.362,14.133,11800
2013-08-27,13.572,14.062,13.631,25400
2013-08-28,13.605,13.833,13.729,13900
2013-08-29,13.768,14.022,13.853,9100
2013-08-30,13.631,13.866,13.801,23200
2013-09-03,13.918,14.257,14.009,10300
2013-09-04,13.814,14.322,13.951,21800
2013-09-05,13.749,14.042,13.912,13300
2013-09-06,13.566,14.022,13.781,18700
2013-09-09,13.716,14.192,14.166,16800
2013-09-10,14.029,14.309,14.133,19400
2013-09-11,13.931,14.283,14.003,22100
2013-09-12,13.977,14.277,14.022,11400
2013-09-13,13.866,14.225,14.101,11700
2013-09-16,13.957,14.277,14.081,17900
2013-09-17,13.951,14.186,14.146,13400
2013-09-18,13.866,14.381,14.336,20200
2013-09-19,13.892,14.342,14.127,14800
2013-09-20,13.899,14.212,14.14,55500
2013-09-23,13.99,14.349,14.296,12900
2013-09-24,14.225,14.381,14.303,11400
2013-09-25,14.225,14.486,14.303,7900
2013-09-26,14.257,14.401,14.309,3900
2013-09-27,14.159,14.505,14.329,5800
2013-09-30,13.944,14.309,14.022,36300
2013-10-01,14.062,14.44,14.388,22000
2013-10-02,13.912,14.205,14.055,79800
2013-10-03,13.696,13.983,13.866,487800
2013-10-04,13.872,14.212,14.12,207800
2013-10-07,13.957,14.205,14.088,138000
2013-10-08,14.062,14.179,14.094,54300
2013-10-09,14.094,14.453,14.375,58700
2013-10-10,14.362,14.701,14.622,35100
2013-10-11,14.531,14.994,14.818,169900
2013-10-14,14.746,15.529,15.053,43500
2013-10-15,14.812,15.386,15.216,42400
2013-10-16,15.15,15.532,15.288,13500
2013-10-17,15.15,15.46,15.321,25000
2013-10-18,15.288,15.756,15.506,32000
2013-10-21,15.407,15.684,15.512,35200
2013-10-22,15.018,15.657,15.15,27500
2013-10-23,14.933,15.479,15.387,51100
2013-10-24,15.433,15.809,15.717,52500
2013-10-25,15.387,15.782,15.427,22300
2013-10-28,15.328,15.769,15.631,94600
2013-10-29,15.361,15.802,15.545,63500
2013-10-30,15.552,15.763,15.73,88200
2013-10-31,14.92,15.75,15.209,258600
2013-11-01,14.57,15.282,14.788,76000
2013-11-04,14.676,15.012,14.985,37300
2013-11-05,14.715,15.526,15.328,54200
2013-11-06,15.308,15.565,15.348,18200
2013-11-07,15.196,15.506,15.295,24100
2013-11-08,15.387,15.763,15.638,21400
2013-11-11,15.157,15.657,15.236,10800
2013-11-12,14.821,15.295,15.183,19300
2013-11-13,14.794,15.256,15.256,9500
2013-11-14,15.236,15.315,15.275,7000
2013-11-15,15.249,15.565,15.552,18300
2013-11-18,15.466,15.697,15.591,11500
2013-11-19,15.374,15.822,15.394,13300
2013-11-20,15.236,15.624,15.394,17300
2013-11-21,15.223,15.736,15.308,26000
2013-11-22,15.216,15.835,15.565,34500
2013-11-25,15.664,15.809,15.763,14500
2013-11-26,15.736,16.013,16.013,17000
2013-11-27,15.993,16.244,16.072,31600
2013-11-29,16.25,16.402,16.395,10700
2013-12-02,16.099,16.402,16.145,26600
2013-12-03,15.75,16.171,15.941,15600
2013-12-04,15.717,16.039,15.789,10900
2013-12-05,15.19,15.73,15.407,8100
2013-12-06,15.545,15.848,15.842,33100
2013-12-09,15.75,16.151,16.145,24800
2013-12-10,15.624,16.066,16.0,24100
2013-12-11,15.486,16.441,15.578,19200
2013-12-12,15.519,15.743,15.697,17700
2013-12-13,15.651,16.112,15.96,18100
2013-12-16,15.71,16.237,15.901,24200
2013-12-17,15.684,15.947,15.842,11000
2013-12-18,15.822,16.237,16.145,17000
2013-12-19,15.934,16.309,15.934,17200
2013-12-20,15.941,16.777,16.56,87500
2013-12-23,16.527,17.001,17.001,16000
2013-12-24,16.823,17.027,16.889,7600
2013-12-26,16.876,17.238,17.08,17300
2013-12-27,16.665,17.179,16.942,16900
2013-12-30,16.711,17.245,16.968,15100
2013-12-31,16.968,17.35,17.126,19500
2014-01-02,16.639,17.126,16.935,55000
2014-01-03,16.771,17.12,16.85,16000
2014-01-06,16.356,16.83,16.468,21100
2014-01-07,16.468,16.981,16.52,16300
2014-01-08,16.296,16.632,16.402,16300
2014-01-09,16.468,16.685,16.586,10700
2014-01-10,16.204,16.632,16.342,17100
2014-01-13,16.171,16.566,16.316,31100
2014-01-14,16.369,16.678,16.56,14100
2014-01-15,16.6,16.979,16.892,22300
2014-01-16,16.334,16.626,16.546,10800
2014-01-17,16.36,16.553,16.433,12000
2014-01-21,16.427,16.885,16.832,21700
2014-01-22,16.573,17.151,17.045,47700
2014-01-23,16.573,16.972,16.826,35400
2014-01-24,16.493,16.885,16.872,30900
2014-01-27,16.666,16.839,16.693,25100
2014-01-28,16.699,16.912,16.912,35700
2014-01-29,16.367,16.945,16.374,20200
2014-01-30,16.374,16.693,16.407,14600
2014-01-31,16.214,16.546,16.354,44300
2014-02-03,15.722,16.792,15.782,61700
2014-02-04,15.729,16.487,16.467,27700
2014-02-05,16.221,16.407,16.34,31000
2014-02-06,16.234,16.6,16.467,27000
2014-02-07,16.214,16.46,16.46,26400
2014-02-10,16.307,16.713,16.58,26600
2014-02-11,16.5,16.885,16.62,17700
2014-02-12,16.5,16.739,16.733,23900
2014-02-13,16.533,16.952,16.925,9000
2014-02-14,16.699,17.151,16.965,14200
2014-02-18,16.952,17.185,17.131,19100
2014-02-19,16.959,17.171,17.098,26400
2014-02-20,17.038,17.411,17.264,23900
2014-02-21,17.377,17.876,17.683,33200
2014-02-24,17.67,17.876,17.716,15400
2014-02-25,17.464,18.109,17.464,8200
2014-02-26,17.537,17.823,17.71,9800
2014-02-27,17.517,17.803,17.643,14300
2014-02-28,17.364,18.508,17.504,27200
2014-03-03,17.318,17.776,17.77,19400
2014-03-04,17.79,18.109,17.916,47300
2014-03-05,17.65,18.654,17.903,8100
2014-03-06,17.756,17.949,17.923,8000
2014-03-07,17.816,18.009,17.903,9400
2014-03-10,17.544,18.182,18.182,11900
2014-03-11,17.557,18.275,17.683,20500
2014-03-12,17.444,17.783,17.776,11600
2014-03-13,17.497,17.77,17.537,6500
2014-03-14,17.264,17.67,17.331,8900
2014-03-17,17.171,17.51,17.278,18800
2014-03-18,16.799,17.338,17.025,21600
2014-03-19,16.786,17.065,17.065,39200
2014-03-20,16.998,17.736,17.736,9700
2014-03-21,16.846,17.883,17.75,35400
2014-03-24,17.49,18.188,17.976,30100
2014-03-25,17.823,18.102,17.929,19900
2014-03-26,17.517,18.195,17.544,21500
2014-03-27,17.284,17.53,17.411,19200
2014-03-28,17.291,17.537,17.49,26700
2014-03-31,17.404,17.962,17.756,31300
2014-04-01,17.657,18.282,18.215,59900
2014-04-02,17.989,18.268,18.182,18800
2014-04-03,17.75,18.122,17.77,10200
2014-04-04,17.437,18.062,17.457,24200
2014-04-07,16.932,17.437,16.998,24700
2014-04-08,16.965,17.284,17.012,21400
2014-04-09,16.792,17.112,16.959,23800
2014-04-10,16.38,16.952,16.646,38800
2014-04-11,16.314,16.792,16.493,20000
2014-04-14,16.287,16.932,16.48,17800
2014-04-15,16.131,16.668,16.46,17000
2014-04-16,16.52,17.003,16.52,12800
2014-04-17,16.279,16.963,16.742,9000
2014-04-21,16.554,16.896,16.842,7100
2014-04-22,16.634,16.909,16.896,9900
2014-04-23,16.406,16.802,16.534,15400
2014-04-24,16.446,16.628,16.527,8700
2014-04-25,16.171,16.836,16.332,25600
2014-04-28,15.95,16.312,16.178,21500
2014-04-29,15.943,16.218,15.95,16000
2014-04-30,15.943,16.326,16.319,46500
2014-05-01,16.104,16.473,16.326,44300
2014-05-02,16.171,16.386,16.312,21300
2014-05-05,16.057,16.299,16.138,19700
2014-05-06,15.876,16.104,15.97,33700
2014-05-07,15.869,15.997,15.93,23600
2014-05-08,15.775,16.004,15.796,16700
2014-05-09,15.661,16.017,15.97,55800
2014-05-12,15.843,16.708,16.453,17300
2014-05-13,16.111,16.426,16.178,25000
2014-05-14,15.675,16.232,15.681,29600
2014-05-15,15.601,15.735,15.621,19800
2014-05-16,15.594,16.138,16.097,20700
2014-05-19,15.903,16.379,16.279,9700
2014-05-20,15.836,16.232,15.983,36400
2014-05-21,15.822,16.238,15.923,19300
2014-05-22,15.957,16.171,16.057,13300
2014-05-23,15.977,16.265,16.205,10200
2014-05-27,16.225,16.775,16.467,13700
2014-05-28,16.158,16.534,16.366,15200
2014-05-29,16.346,16.607,16.359,4100
2014-05-30,16.104,16.688,16.514,22600
2014-06-02,16.024,16.628,16.131,25400
2014-06-03,15.775,16.232,15.849,90700
2014-06-04,15.755,16.03,15.943,25900
2014-06-05,16.004,16.359,16.259,27400
2014-06-06,16.386,16.722,16.688,22700
2014-06-09,16.306,16.93,16.748,20700
2014-06-10,16.547,16.742,16.728,7900
2014-06-11,16.212,16.722,16.487,18100
2014-06-12,16.151,16.493,16.299,10000
2014-06-13,16.171,16.44,16.212,12100
2014-06-16,16.111,16.514,16.426,11300
2014-06-17,16.238,16.641,16.319,31500
2014-06-18,16.259,16.393,16.319,5900
2014-06-19,15.923,16.366,16.111,22000
2014-06-20,15.97,16.373,16.359,71500
2014-06-23,16.178,16.373,16.292,6800
2014-06-24,16.124,16.406,16.191,19300
2014-06-25,16.084,16.393,16.312,7500
2014-06-26,16.004,16.373,16.346,13900
2014-06-27,16.077,16.44,16.346,73300
2014-06-30,16.017,16.406,16.097,21100
2014-07-01,16.138,16.44,16.42,43300
2014-07-02,16.306,16.406,16.306,10700
2014-07-03,16.265,16.413,16.373,15100
2014-07-07,16.138,16.272,16.138,15800
2014-07-08,15.856,16.104,15.977,20100
2014-07-09,15.93,16.104,15.997,8100
2014-07-10,15.749,15.977,15.856,24900
2014-07-11,15.829,15.97,15.876,9400
2014-07-14,15.903,15.997,15.916,17900
2014-07-15,15.896,16.011,15.93,21900
2014-07-16,15.821,16.126,15.821,11100
2014-07-17,15.618,15.821,15.625,21600
2014-07-18,15.469,16.092,16.072,41500
2014-07-21,15.821,15.95,15.862,7700
2014-07-22,15.855,16.126,15.943,17100
2014-07-23,15.855,16.092,15.937,9200
2014-07-24,15.828,16.086,15.923,22500
2014-07-25,15.605,15.869,15.605,21900
2014-07-28,15.727,16.106,16.059,33500
2014-07-29,16.113,16.364,16.242,21000
2014-07-30,16.038,16.296,16.289,43600
2014-07-31,16.106,16.262,16.194,25200
2014-08-01,15.788,16.262,15.815,21000
2014-08-04,15.774,16.018,15.923,14700
2014-08-05,15.774,15.991,15.788,11800
2014-08-06,15.774,16.032,15.916,10100
2014-08-07,15.855,16.242,16.052,19800
2014-08-08,16.025,16.167,16.099,12000
2014-08-11,15.903,16.262,16.255,8500
2014-08-12,16.16,16.303,16.282,10200
2014-08-13,16.323,16.553,16.465,10700
2014-08-14,16.485,16.614,16.567,3600
2014-08-15,16.682,16.892,16.784,39400
2014-08-18,16.865,17.116,17.109,22200
2014-08-19,16.933,17.244,17.19,22200
2014-08-20,16.939,17.19,16.939,8100
2014-08-21,16.648,16.811,16.743,8700
2014-08-22,16.675,16.811,16.743,10500
2014-08-25,16.607,16.845,16.797,44000
2014-08-26,16.621,16.885,16.845,15400
2014-08-27,16.709,16.933,16.757,11500
2014-08-28,16.736,16.899,16.777,13500
2014-08-29,16.75,16.865,16.845,21000
2014-09-02,16.811,17.082,16.939,13500
2014-09-03,16.872,17.15,16.899,13100
2014-09-04,16.872,17.089,16.892,9700
2014-09-05,16.872,17.075,17.021,10000
2014-09-08,16.96,17.156,17.116,4400
2014-09-09,16.885,17.055,16.933,12400
2014-09-10,16.885,17.163,17.163,17400
2014-09-11,16.946,17.102,17.055,7800
2014-09-12,16.797,17.15,16.939,21400
2014-09-15,16.784,17.048,16.946,19400
2014-09-16,16.953,17.143,17.075,22700
2014-09-17,16.79,17.116,16.79,7000
2014-09-18,16.899,17.15,16.994,55500
2014-09-19,16.418,17.109,16.533,37400
2014-09-22,16.174,16.635,16.255,20800
2014-09-23,16.248,16.35,16.262,25100
2014-09-24,16.336,16.411,16.357,18000
2014-09-25,16.194,16.553,16.214,28300
2014-09-26,16.187,16.777,16.614,34300
2014-09-29,16.167,16.546,16.248,9600
2014-09-30,16.025,16.303,16.025,36800
2014-10-01,15.727,16.059,15.794,43600
2014-10-02,15.835,16.594,16.16,9300
2014-10-03,16.153,16.54,16.221,14400
2014-10-06,16.038,16.506,16.296,23700
2014-10-07,15.977,16.648,16.004,34800
2014-10-08,16.038,16.696,16.574,28300
2014-10-09,15.937,16.567,16.16,17100
2014-10-10,15.998,16.499,16.004,16300
2014-10-13,16.092,16.54,16.255,32100
2014-10-14,16.242,16.587,16.519,40000
2014-10-15,16.212,16.752,16.656,28000
2014-10-16,16.424,16.772,16.629,16800
2014-10-17,16.259,17.039,16.424,16900
2014-10-20,16.164,16.697,16.41,21200
2014-10-21,16.266,16.636,16.41,14900
2014-10-22,16.116,16.513,16.177,15300
2014-10-23,16.232,16.574,16.41,19700
2014-10-24,16.266,16.519,16.417,30300
2014-10-27,16.369,17.094,17.005,9800
2014-10-28,17.101,17.716,17.716,40700
2014-10-29,17.6,17.949,17.922,24700
2014-10-30,17.498,17.949,17.826,25600
2014-10-31,17.655,18.024,17.963,36900
2014-11-03,17.826,18.284,18.031,32100
2014-11-04,17.887,18.058,17.935,15300
2014-11-05,17.511,18.229,17.97,19500
2014-11-06,17.723,18.052,18.052,14000
2014-11-07,17.846,18.058,18.024,7700
2014-11-10,17.737,18.058,18.052,20200
2014-11-11,17.846,18.058,18.024,20100
2014-11-12,17.874,18.113,18.038,16400
2014-11-13,17.894,18.127,18.093,6700
2014-11-14,18.072,18.229,18.154,11000
2014-11-17,17.97,18.223,17.97,14100
2014-11-18,17.956,18.106,18.004,10600
2014-11-19,17.265,17.99,17.32,8800
2014-11-20,17.19,17.922,17.744,10200
2014-11-21,17.504,18.024,17.614,10400
2014-11-24,17.593,18.195,17.901,10400
2014-11-25,17.593,17.97,17.942,7900
2014-11-26,17.593,17.799,17.771,9800
2014-11-28,17.361,17.901,17.436,10000
2014-12-01,17.156,17.532,17.224,9200
2014-12-02,17.361,17.696,17.682,10500
2014-12-03,17.751,17.922,17.915,14600
2014-12-04,17.655,18.188,17.757,9000
2014-12-05,17.73,17.942,17.887,10600
2014-12-08,17.682,17.956,17.682,11800
2014-12-09,17.573,17.935,17.935,15100
2014-12-10,17.422,17.853,17.422,10000
2014-12-11,17.436,17.792,17.545,10800
2014-12-12,17.306,17.621,17.34,8900
2014-12-15,17.149,17.463,17.176,35700
2014-12-16,17.197,17.368,17.238,20900
2014-12-17,17.142,17.956,17.935,28000
2014-12-18,17.785,18.503,18.462,37700
2014-12-19,18.106,18.763,18.12,47500
2014-12-22,17.97,18.435,18.353,23500
2014-12-23,18.312,18.51,18.346,24300
2014-12-24,18.099,18.551,18.312,6900
2014-12-26,18.366,18.571,18.428,6300
2014-12-29,18.407,18.64,18.489,15700
2014-12-30,18.264,18.53,18.373,7600
2014-12-31,18.182,18.551,18.298,11400
2015-01-02,17.675,18.366,18.127,9000
2015-01-05,17.792,18.011,17.86,7700
2015-01-06,17.751,17.922,17.792,16600
2015-01-07,17.771,18.134,17.915,9000
2015-01-08,17.915,18.284,18.264,9400
2015-01-09,17.799,18.291,17.799,6200
2015-01-12,17.751,17.935,17.853,15900
2015-01-13,18.017,18.421,18.236,22400
2015-01-14,17.826,18.264,18.045,15300
2015-01-15,17.755,18.279,17.81,13800
2015-01-16,17.748,18.086,18.003,15300
2015-01-20,17.748,18.045,17.872,8500
2015-01-21,17.748,17.921,17.748,5500
2015-01-22,17.824,18.183,18.183,23800
2015-01-23,17.748,18.121,17.948,12400
2015-01-26,17.748,18.01,17.996,12400
2015-01-27,17.748,17.9,17.755,8700
2015-01-28,17.576,17.858,17.576,46000
2015-01-29,17.576,17.996,17.996,13400
2015-01-30,16.996,17.962,17.03,20000
2015-02-02,17.203,17.838,17.741,17600
2015-02-03,17.741,18.183,18.072,19000
2015-02-04,17.803,18.252,18.065,55200
2015-02-05,18.065,18.314,18.21,11600
2015-02-06,17.955,18.252,18.086,52000
2015-02-09,17.665,18.114,17.803,15400
2015-02-10,17.596,17.962,17.665,12600
2015-02-11,17.279,17.693,17.341,11200
2015-02-12,17.369,17.541,17.486,5400
2015-02-13,17.5,17.665,17.534,10600
2015-02-17,17.355,17.693,17.582,6600
2015-02-18,17.341,17.686,17.582,11100
2015-02-19,17.251,17.72,17.576,6700
2015-02-20,17.375,17.886,17.72,12900
2015-02-23,17.293,17.658,17.403,46300
2015-02-24,17.424,17.638,17.451,4300
2015-02-25,17.265,17.472,17.272,3000
2015-02-26,17.148,17.458,17.348,10000
2015-02-27,17.134,17.458,17.134,17500
2015-03-02,17.21,17.438,17.23,12000
2015-03-03,17.113,17.217,17.113,3200
2015-03-04,17.003,17.631,17.548,29200
2015-03-05,17.32,17.534,17.362,10300
2015-03-06,17.141,17.507,17.286,18300
2015-03-09,16.906,17.355,17.32,8500
2015-03-10,16.906,17.237,16.941,13900
2015-03-11,16.913,17.21,17.106,24000
2015-03-12,17.224,17.734,17.734,14500
2015-03-13,17.327,17.748,17.417,13500
2015-03-16,17.237,17.375,17.341,6600
2015-03-17,16.996,17.355,17.299,19900
2015-03-18,17.244,17.534,17.527,7300
2015-03-19,17.237,17.451,17.396,8000
2015-03-20,17.258,17.444,17.403,34000
2015-03-23,17.306,17.493,17.444,42100
2015-03-24,17.396,17.907,17.852,11300
2015-03-25,17.555,17.852,17.555,46000
2015-03-26,17.272,17.769,17.624,16300
2015-03-27,17.431,17.672,17.672,16300
2015-03-30,17.596,17.865,17.817,14100
2015-03-31,17.589,17.838,17.824,43300
2015-04-01,17.734,17.921,17.872,70700
2015-04-02,17.941,18.1,17.983,5900
2015-04-06,17.831,18.272,18.141,23400
2015-04-07,18.024,18.203,18.024,10800
2015-04-08,18.01,18.183,18.134,16700
2015-04-09,17.921,18.141,18.107,10400
2015-04-10,18.072,18.231,18.086,2300
2015-04-13,17.976,18.141,18.031,8200
2015-04-14,17.976,18.19,18.19,23000
2015-04-15,18.12,18.287,18.252,14100
2015-04-16,18.176,18.287,18.252,26300
2015-04-17,17.911,18.106,17.974,73600
2015-04-20,18.043,18.287,18.287,16700
2015-04-21,18.064,18.273,18.085,7700
2015-04-22,18.03,18.169,18.043,4700
2015-04-23,17.862,18.037,18.03,8400
2015-04-24,17.751,18.085,17.849,11200
2015-04-27,17.57,17.869,17.73,21600
2015-04-28,17.681,17.821,17.765,16900
2015-04-29,17.584,17.737,17.584,21300
2015-04-30,17.577,17.647,17.591,32600
2015-05-01,17.292,17.612,17.292,35700
2015-05-04,17.32,17.633,17.507,27600
2015-05-05,17.306,17.619,17.333,25900
2015-05-06,17.222,17.403,17.375,38500
2015-05-07,17.375,17.584,17.521,12000
2015-05-08,17.306,17.647,17.389,23100
2015-05-11,17.347,17.48,17.431,13900
2015-05-12,17.271,17.438,17.389,8500
2015-05-13,17.299,17.403,17.354,9700
2015-05-14,17.389,17.702,17.64,11300
2015-05-15,17.278,17.549,17.375,19500
2015-05-18,17.32,17.501,17.452,22400
2015-05-19,17.313,17.41,17.41,17800
2015-05-20,17.354,17.473,17.403,16700
2015-05-21,17.333,17.57,17.487,21100
2015-05-22,17.166,17.535,17.187,60000
2015-05-26,16.874,17.32,16.958,109700
2015-05-27,16.964,17.452,17.389,22500
2015-05-28,17.152,17.403,17.25,13600
2015-05-29,16.895,17.354,17.201,41400
2015-06-01,16.992,17.368,17.027,15500
2015-06-02,16.86,17.389,16.937,32600
2015-06-03,16.916,17.257,17.125,66200
2015-06-04,16.867,17.229,17.02,8500
2015-06-05,16.853,17.097,17.055,12700
2015-06-08,16.999,17.285,17.194,9700
2015-06-09,17.069,17.278,17.222,11500
2015-06-10,17.354,17.57,17.466,17600
2015-06-11,17.299,17.605,17.549,3900
2015-06-12,17.41,17.64,17.473,7900
2015-06-15,17.403,17.751,17.695,13500
2015-06-16,17.417,18.043,18.023,16800
2015-06-17,17.64,18.078,17.793,20400
2015-06-18,17.73,18.043,17.946,33600
2015-06-19,17.89,19.443,19.415,191100
2015-06-22,19.004,19.359,19.29,47000
2015-06-23,19.095,19.436,19.171,39000
2015-06-24,19.081,19.276,19.115,31400
2015-06-25,18.461,19.102,18.545,45000
2015-06-26,17.904,18.837,18.802,143700
2015-06-29,17.765,18.795,18.482,37100
2015-06-30,18.489,18.774,18.579,18900
2015-07-01,18.552,18.928,18.886,24500
2015-07-02,18.74,18.865,18.747,12100
2015-07-06,18.301,18.837,18.433,36300
2015-07-07,17.967,18.392,18.204,22100
2015-07-08,17.904,18.224,18.064,19300
2015-07-09,18.266,18.733,18.371,20800
2015-07-10,18.148,18.691,18.524,57200
2015-07-13,18.419,18.76,18.496,14500
2015-07-14,18.364,18.552,18.545,12800
2015-07-15,18.51,18.754,18.649,12900
2015-07-16,18.579,18.886,18.76,26300
2015-07-17,18.74,19.109,19.011,21500
2015-07-20,18.576,19.032,18.85,17500
2015-07-21,18.555,19.025,18.892,16900
2015-07-22,18.597,18.948,18.779,8400
2015-07-23,18.492,18.955,18.548,21800
2015-07-24,18.197,18.548,18.211,23500
2015-07-27,18.218,19.06,18.941,30800
2015-07-28,18.716,19.039,18.85,24800
2015-07-29,18.576,19.025,18.913,44700
2015-07-30,18.723,19.643,18.765,33700
2015-07-31,18.141,19.152,18.155,267400
2015-08-03,18.204,19.109,18.99,57700
2015-08-04,19.074,19.411,19.404,61100
2015-08-05,19.306,19.825,19.58,41400
2015-08-06,19.13,19.762,19.439,34900
2015-08-07,19.25,19.517,19.432,20700
2015-08-10,19.144,19.741,19.271,24900
2015-08-11,19.278,19.706,19.46,46000
2015-08-12,19.06,19.39,19.299,27100
2015-08-13,19.215,19.313,19.299,18500
2015-08-14,19.208,19.713,19.699,33600
2015-08-17,19.383,19.762,19.741,16300
2015-08-18,19.517,19.903,19.608,21200
2015-08-19,19.327,19.657,19.453,19100
2015-08-20,18.997,19.58,19.06,23800
2015-08-21,18.688,19.25,19.236,36200
2015-08-24,18.12,19.194,18.758,38300
2015-08-25,18.604,19.432,18.604,29000
2015-08-26,18.204,18.92,18.688,27200
2015-08-27,18.281,18.73,18.428,20500
2015-08-28,18.295,18.541,18.4,24300
2015-08-31,18.183,18.534,18.506,42600
2015-09-01,18.239,18.513,18.337,32800
2015-09-02,18.351,18.562,18.562,13100
2015-09-03,18.098,18.597,18.148,17800
2015-09-04,17.951,18.323,18.225,23200
2015-09-08,18.302,18.948,18.829,32700
2015-09-09,18.632,19.06,18.674,23300
2015-09-10,18.73,19.046,18.927,8700
2015-09-11,18.611,18.948,18.927,11700
2015-09-14,18.751,19.088,18.857,17100
2015-09-15,18.934,19.32,19.151,15700
2015-09-16,18.716,19.25,18.737,28500
2015-09-17,18.421,18.955,18.478,34100
2015-09-18,18.049,18.407,18.386,149500
2015-09-21,18.414,18.843,18.829,15400
2015-09-22,18.485,18.836,18.793,23600
2015-09-23,18.674,18.955,18.857,44800
2015-09-24,18.709,19.201,18.99,56800
2015-09-25,18.843,19.159,18.892,41100
2015-09-28,18.435,18.913,18.646,31100
2015-09-29,18.478,18.751,18.667,15800
2015-09-30,18.541,18.772,18.751,44500
2015-10-01,18.33,18.772,18.435,26100
2015-10-02,18.07,18.464,18.456,67200
2015-10-05,18.456,18.793,18.555,27600
2015-10-06,18.421,18.99,18.604,60900
2015-10-07,18.52,18.793,18.709,41800
2015-10-08,18.52,19.327,19.236,23100
2015-10-09,19.074,19.503,19.467,24800
2015-10-12,19.334,19.657,19.629,18800
2015-10-13,19.517,19.65,19.524,18200
2015-10-14,19.13,19.587,19.144,18500
2015-10-15,18.737,19.517,19.517,26400
2015-10-16,19.191,19.708,19.644,21100
2015-10-19,19.502,19.786,19.786,21200
2015-10-20,19.686,19.984,19.863,16300
2015-10-21,19.771,19.991,19.927,43200
2015-10-22,19.955,20.522,20.508,29900
2015-10-23,20.43,20.84,20.656,19100
2015-10-26,19.856,20.805,20.366,19600
2015-10-27,20.288,20.543,20.458,53200
2015-10-28,20.692,21.499,21.308,121300
2015-10-29,21.138,21.357,21.237,52500
2015-10-30,20.111,21.329,20.324,55400
2015-11-02,20.486,21.116,21.095,21100
2015-11-03,21.031,21.279,21.244,25200
2015-11-04,21.237,21.378,21.35,36200
2015-11-05,21.215,21.378,21.237,30900
2015-11-06,21.364,21.753,21.753,85400
2015-11-09,21.697,22.072,21.93,26000
2015-11-10,21.909,22.476,22.192,35900
2015-11-11,21.945,22.476,21.952,44800
2015-11-12,21.732,22.051,21.952,29200
2015-11-13,21.796,22.228,22.051,31300
2015-11-16,21.98,22.405,22.405,39900
2015-11-17,22.299,22.667,22.412,18000
2015-11-18,22.277,22.745,22.631,38200
2015-11-19,22.553,22.759,22.688,36300
2015-11-20,22.476,22.936,22.582,88900
2015-11-23,22.369,22.638,22.497,19400
2015-11-24,22.27,22.546,22.546,13100
2015-11-25,22.433,22.546,22.546,20900
2015-11-27,22.504,22.631,22.539,14900
2015-11-30,22.511,22.702,22.568,103600
2015-12-01,22.476,22.653,22.504,22700
2015-12-02,22.122,22.497,22.178,11500
2015-12-03,21.69,22.27,21.732,32000
2015-12-04,21.704,22.256,21.994,64900
2015-12-07,21.506,21.945,21.569,25000
2015-12-08,21.421,21.782,21.463,16300
2015-12-09,20.847,21.4,20.954,21700
2015-12-10,20.727,21.64,21.003,26000
2015-12-11,20.642,21.492,20.968,46600
2015-12-14,20.805,21.109,21.039,70200
2015-12-15,20.996,21.895,21.846,24700
2015-12-16,21.569,22.015,21.909,109100
2015-12-17,21.52,22.518,21.916,337300
2015-12-18,21.633,22.27,22.107,97700
2015-12-21,21.831,22.405,22.263,60400
2015-12-22,21.916,22.348,22.263,36300
2015-12-23,21.895,22.185,22.065,38500
2015-12-24,22.051,22.277,22.107,8700
2015-12-28,21.739,22.143,21.945,20400
2015-12-29,21.987,22.277,22.1,24000
2015-12-30,21.775,22.044,21.796,22500
2015-12-31,21.463,21.959,21.541,35600
2016-01-04,20.472,21.223,20.876,63900
2016-01-05,20.741,21.435,20.883,33700
2016-01-06,20.72,21.506,21.237,62200
2016-01-07,20.685,21.074,20.946,22400
2016-01-08,20.479,21.046,20.536,27300
2016-01-11,19.878,20.925,20.833,21900
2016-01-12,20.43,20.968,20.593,36900
2016-01-13,19.488,20.628,19.651,45300
2016-01-14,19.311,20.161,19.75,31200
2016-01-15,18.759,19.517,19.24,55700
2016-01-19,19.0,19.467,19.34,58100
2016-01-20,18.726,19.647,19.461,57500
2016-01-21,19.011,19.925,19.111,34500
2016-01-22,18.818,19.325,19.24,41400
2016-01-25,18.797,19.275,18.968,57200
2016-01-26,19.104,19.29,19.254,36500
2016-01-27,19.133,19.425,19.304,38100
2016-01-28,19.468,19.896,19.775,22900
2016-01-29,19.989,20.789,20.782,88500
2016-02-01,20.182,20.803,20.232,38200
2016-02-02,19.518,20.118,19.846,33800
2016-02-03,19.375,20.296,19.882,29700
2016-02-04,19.554,19.982,19.846,60700
2016-02-05,19.589,19.846,19.625,60900
2016-02-08,19.325,20.061,19.882,72500
2016-02-09,19.747,20.096,20.061,47600
2016-02-10,19.811,20.282,19.918,44600
2016-02-11,19.561,19.918,19.825,25900
2016-02-12,19.989,20.382,20.36,29500
2016-02-16,20.41,20.739,20.682,36600
2016-02-17,20.453,20.796,20.646,94000
2016-02-18,20.56,20.86,20.617,35400
2016-02-19,20.61,20.932,20.76,57500
2016-02-22,20.468,21.21,20.567,61600
2016-02-23,20.296,20.696,20.303,20800
2016-02-24,20.082,20.368,20.31,23500
2016-02-25,20.261,20.518,20.446,36400
2016-02-26,20.332,20.725,20.396,47600
2016-02-29,20.196,20.496,20.282,70900
2016-03-01,20.168,20.639,20.41,40300
2016-03-02,20.318,20.475,20.41,48200
2016-03-03,20.289,20.91,20.767,56300
2016-03-04,20.268,20.874,20.496,63000
2016-03-07,20.382,20.767,20.525,31800
2016-03-08,20.418,20.725,20.525,37200
2016-03-09,20.418,20.575,20.567,36900
2016-03-10,20.132,20.746,20.51,29300
2016-03-11,20.717,21.131,21.046,59300
2016-03-14,20.782,21.039,20.982,20000
2016-03-15,20.66,21.131,20.717,31500
2016-03-16,20.275,20.839,20.539,28300
2016-03-17,20.203,20.553,20.51,55700
2016-03-18,20.603,20.946,20.882,75800
2016-03-21,19.996,21.067,21.067,27600
2016-03-22,20.832,21.139,20.989,51300
2016-03-23,20.896,21.174,21.06,30200
2016-03-24,20.953,21.174,21.174,23600
2016-03-28,21.103,21.346,21.246,16800
2016-03-29,21.139,21.788,21.574,82600
2016-03-30,21.446,21.817,21.788,32100
2016-03-31,21.667,21.924,21.753,37100
2016-04-01,21.503,21.76,21.71,13700
2016-04-04,21.503,21.831,21.645,27800
2016-04-05,21.396,21.653,21.51,50400
2016-04-06,21.253,21.653,21.403,24100
2016-04-07,20.846,21.481,20.932,26100
2016-04-08,20.732,21.274,20.803,28700
2016-04-11,20.824,21.353,21.167,50900
2016-04-12,21.174,21.617,21.467,19800
2016-04-13,21.538,22.402,22.302,37800
2016-04-14,22.045,22.466,22.131,37800
2016-04-15,21.153,22.231,21.888,26500
2016-04-18,21.529,21.809,21.593,37300
2016-04-19,21.521,21.874,21.694,21000
2016-04-20,21.565,22.054,21.931,28300
2016-04-21,21.701,21.982,21.78,36300
2016-04-22,21.73,22.313,22.269,25100
2016-04-25,21.809,22.269,21.953,24800
2016-04-26,21.874,22.586,22.392,56800
2016-04-27,22.212,22.37,22.277,54000
2016-04-28,21.73,22.37,21.874,27500
2016-04-29,21.514,22.118,21.895,45400
2016-05-02,21.68,21.989,21.744,49400
2016-05-03,20.788,21.737,20.982,63500
2016-05-04,20.86,21.111,20.996,49800
2016-05-05,20.759,22.356,21.111,63400
2016-05-06,20.745,21.392,21.183,41900
2016-05-09,20.867,21.219,21.068,30800
2016-05-10,21.083,21.392,21.226,32600
2016-05-11,21.119,21.291,21.183,23100
2016-05-12,20.989,21.291,21.284,28100
2016-05-13,21.039,21.291,21.054,30900
2016-05-16,20.96,21.385,21.226,22600
2016-05-17,20.378,21.075,20.644,48900
2016-05-18,20.601,21.047,20.975,84400
2016-05-19,20.507,20.86,20.773,53600
2016-05-20,20.824,21.104,20.932,19600
2016-05-23,20.816,21.104,20.96,17700
2016-05-24,21.011,21.917,21.802,48500
2016-05-25,21.708,22.018,21.744,26100
2016-05-26,21.471,21.831,21.478,24000
2016-05-27,21.435,21.615,21.521,17500
2016-05-31,21.342,21.608,21.557,84000
2016-06-01,21.234,21.888,21.845,39800
2016-06-02,21.457,21.982,21.982,36700
2016-06-03,21.327,21.874,21.809,43300
2016-06-06,21.752,22.147,22.068,42900
2016-06-07,21.694,21.975,21.701,24300
2016-06-08,21.586,22.061,22.003,62200
2016-06-09,21.421,21.716,21.457,26300
2016-06-10,21.155,21.392,21.234,24300
2016-06-13,20.989,21.593,21.104,21500
2016-06-14,20.953,21.306,21.075,43700
2016-06-15,21.025,21.385,21.039,51500
2016-06-16,20.73,21.169,21.104,49300
2016-06-17,20.745,21.169,20.78,90100
2016-06-20,20.896,21.212,21.061,51700
2016-06-21,20.766,21.133,21.061,82700
2016-06-22,20.759,21.385,20.86,75900
2016-06-23,21.003,21.449,21.169,70900
2016-06-24,19.96,20.673,20.205,326800
2016-06-27,19.486,19.946,19.651,50600
2016-06-28,19.694,20.277,19.96,62900
2016-06-29,19.896,20.299,20.176,51500
2016-06-30,20.169,20.428,20.428,48400
2016-07-01,20.183,20.399,20.342,31600
2016-07-05,19.96,20.342,19.996,26300
2016-07-06,19.831,20.097,20.018,22400
2016-07-07,19.781,21.572,19.975,43800
2016-07-08,19.996,20.291,20.054,49400
2016-07-11,20.205,20.723,20.543,55500
2016-07-12,20.629,20.975,20.867,56800
2016-07-13,20.838,21.205,21.14,37500
2016-07-14,21.226,21.442,21.399,51700
2016-07-15,21.435,21.723,21.644,53000
2016-07-18,21.572,21.759,21.6,89800
2016-07-19,21.579,21.953,21.716,113700
2016-07-20,21.629,21.846,21.672,309700
2016-07-21,21.368,21.745,21.578,41100
2016-07-22,21.353,21.868,21.708,77800
2016-07-25,21.563,21.788,21.701,101300
2016-07-26,21.607,21.839,21.665,37800
2016-07-27,21.607,21.955,21.795,65000
2016-07-28,21.491,21.998,21.672,205900
2016-07-29,21.034,21.694,21.099,83700
2016-08-01,20.882,21.339,20.889,53400
2016-08-02,20.759,20.962,20.781,52700
2016-08-03,20.795,21.208,21.186,80200
2016-08-04,20.911,21.368,21.128,31300
2016-08-05,20.947,21.708,21.621,64100
2016-08-08,21.382,21.817,21.679,31100
2016-08-09,21.658,21.846,21.737,68800
2016-08-10,21.433,21.737,21.592,24900
2016-08-11,21.498,21.89,21.607,25400
2016-08-12,21.382,21.708,21.687,26200
2016-08-15,21.607,21.882,21.745,19400
2016-08-16,21.592,21.817,21.795,18800
2016-08-17,21.73,21.984,21.89,22700
2016-08-18,21.484,22.034,21.846,62700
2016-08-19,21.766,22.165,21.969,68200
2016-08-22,21.752,22.194,21.832,59300
2016-08-23,21.708,22.15,21.745,78700
2016-08-24,21.665,22.15,22.129,75000
2016-08-25,21.491,21.926,21.607,141400
2016-08-26,21.353,21.774,21.658,61800
2016-08-29,21.549,21.774,21.607,26300
2016-08-30,21.621,21.824,21.672,34500
2016-08-31,21.295,21.861,21.607,52300
2016-09-01,21.194,21.716,21.397,34800
2016-09-02,21.31,21.578,21.397,84800
2016-09-06,21.324,21.578,21.433,92600
2016-09-07,21.418,21.766,21.687,86300
2016-09-08,21.527,21.774,21.6,52700
2016-09-09,21.462,21.65,21.476,141800
2016-09-12,21.259,21.542,21.52,71300
2016-09-13,21.099,21.36,21.223,68300
2016-09-14,21.128,21.44,21.237,46700
2016-09-15,21.128,21.563,21.281,65900
2016-09-16,20.853,21.505,21.034,357900
2016-09-19,21.041,21.389,21.092,119700
2016-09-20,20.911,21.237,20.94,43400
2016-09-21,20.708,21.02,20.73,74000
2016-09-22,20.773,20.947,20.839,145500
2016-09-23,20.744,20.947,20.868,84200
2016-09-26,20.585,20.969,20.752,79600
2016-09-27,20.788,21.078,20.94,85700
2016-09-28,20.795,21.049,21.005,64300
2016-09-29,20.614,21.005,20.614,31200
2016-09-30,20.672,20.933,20.723,52000
2016-10-03,20.476,20.636,20.628,28000
2016-10-04,20.607,20.831,20.679,22900
2016-10-05,20.665,20.817,20.679,38100
2016-10-06,20.578,20.759,20.723,34100
2016-10-07,20.476,20.73,20.585,57400
2016-10-10,20.599,20.846,20.65,39300
2016-10-11,20.505,20.715,20.592,45200
2016-10-12,20.462,20.708,20.491,13100
2016-10-13,20.295,20.425,20.324,71300
2016-10-14,20.331,20.773,20.52,65900
2016-10-17,20.295,20.549,20.295,16900
2016-10-18,20.295,20.512,20.404,19300
2016-10-19,20.389,20.572,20.426,42700
2016-10-20,20.316,20.608,20.572,14000
2016-10-21,20.352,20.535,20.462,24600
2016-10-24,20.426,20.681,20.462,66800
2016-10-25,20.206,20.681,20.279,29900
2016-10-26,20.06,20.301,20.133,41800
2016-10-27,20.06,20.462,20.206,62900
2016-10-28,20.06,20.681,20.499,90600
2016-10-31,20.097,20.572,20.133,68000
2016-11-01,19.951,20.17,19.987,45900
2016-11-02,19.768,20.024,19.768,45800
2016-11-03,19.658,19.914,19.841,50000
2016-11-04,19.731,20.024,19.914,103300
2016-11-07,20.097,20.462,20.462,117600
2016-11-08,20.17,20.462,20.279,33900
2016-11-09,20.279,21.12,21.01,79300
2016-11-10,20.718,21.887,21.741,74700
2016-11-11,21.105,22.91,22.581,144400
2016-11-14,22.508,23.312,22.654,53600
2016-11-15,22.253,22.618,22.399,50100
2016-11-16,21.924,22.581,22.581,54600
2016-11-17,22.618,22.947,22.947,47200
2016-11-18,22.618,23.531,23.385,67400
2016-11-21,23.129,23.458,23.276,29100
2016-11-22,22.728,23.751,23.605,285800
2016-11-23,23.531,24.189,24.043,72000
2016-11-25,24.226,24.481,24.372,23300
2016-11-28,23.97,24.372,24.153,82900
2016-11-29,24.116,24.481,24.335,42000
2016-11-30,24.401,24.774,24.591,122300
2016-12-01,24.737,25.176,25.103,54700
2016-12-02,24.591,25.103,24.591,93400
2016-12-05,24.664,25.322,25.322,53900
2016-12-06,25.285,25.87,25.76,61800
2016-12-07,25.651,26.382,26.199,41400
2016-12-08,26.162,27.222,26.857,63900
2016-12-09,26.71,27.222,26.93,92300
2016-12-12,26.637,26.966,26.82,101900
2016-12-13,26.82,27.332,27.258,95100
2016-12-14,26.857,27.295,27.039,64000
2016-12-15,27.039,27.405,27.332,89100
2016-12-16,27.222,27.77,27.66,320400
2016-12-19,27.587,28.208,27.916,117600
2016-12-20,28.026,28.464,28.464,146900
2016-12-21,27.989,28.428,28.026,139600
2016-12-22,27.66,28.391,27.953,75900
2016-12-23,27.807,28.048,27.916,24200
2016-12-27,27.624,28.062,27.624,59500
2016-12-28,27.405,27.916,27.916,88400
2016-12-29,27.624,28.172,27.843,69800
2016-12-30,27.514,28.026,27.697,34900
2017-01-03,27.514,28.026,27.551,56900
2017-01-04,27.478,28.099,28.026,112800
2017-01-05,27.295,27.953,27.332,41900
2017-01-06,27.076,27.441,27.112,39300
2017-01-09,26.528,27.149,26.528,81900
2017-01-10,26.528,27.222,27.112,48500
2017-01-11,26.857,27.222,27.185,43000
2017-01-12,26.382,27.076,26.637,33000
2017-01-13,26.82,27.368,27.003,37600
2017-01-17,25.87,26.747,25.87,53200
2017-01-18,25.87,26.272,26.235,50100
2017-01-19,26.0,26.368,26.331,49500
2017-01-20,26.331,26.699,26.625,39500
2017-01-23,26.221,26.515,26.441,18700
2017-01-24,26.243,27.066,26.993,52700
2017-01-25,26.956,27.361,27.066,54000
2017-01-26,26.846,27.177,26.956,55000
2017-01-27,26.883,27.287,26.956,77800
2017-01-30,26.405,26.846,26.441,39400
2017-01-31,26.368,26.662,26.588,75500
2017-02-01,26.331,27.103,26.478,42100
2017-02-02,25.926,26.441,26.257,52300
2017-02-03,26.331,26.846,26.772,46500
2017-02-06,26.221,26.772,26.221,50300
2017-02-07,25.816,26.368,26.11,86100
2017-02-08,25.654,26.0,25.853,76800
2017-02-09,25.706,26.294,26.11,52700
2017-02-10,26.037,26.257,26.11,59400
2017-02-13,26.257,26.552,26.441,46600
2017-02-14,26.221,26.772,26.625,44700
2017-02-15,26.412,26.735,26.515,72500
2017-02-16,26.294,26.735,26.625,54100
2017-02-17,26.405,26.919,26.883,72600
2017-02-21,26.809,27.066,26.919,46100
2017-02-22,26.706,27.103,26.883,45100
2017-02-23,26.552,26.941,26.846,47300
2017-02-24,26.331,26.846,26.735,56100
2017-02-27,26.625,26.883,26.735,40200
2017-02-28,25.963,26.772,26.221,81000
2017-03-01,26.588,26.919,26.883,61800
2017-03-02,26.257,26.846,26.257,52800
2017-03-03,25.669,26.552,26.441,48600
2017-03-06,25.926,26.478,26.11,34500
2017-03-07,25.559,26.331,26.184,42000
2017-03-08,25.816,26.552,25.816,18600
2017-03-09,25.743,26.221,25.779,28200
2017-03-10,25.522,26.184,25.89,51100
2017-03-13,25.816,26.221,26.11,35600
2017-03-14,25.706,26.221,26.147,33300
2017-03-15,25.853,26.405,25.926,33300
2017-03-16,25.926,26.368,26.147,42300
2017-03-17,25.779,26.441,26.405,80100
2017-03-20,26.022,26.441,26.11,50500
2017-03-21,24.941,26.257,25.044,99100
2017-03-22,24.124,25.007,24.419,62100
2017-03-23,24.345,25.044,24.786,32400
2017-03-24,24.786,25.559,25.081,48000
2017-03-27,24.198,25.191,25.154,50700
2017-03-28,24.75,25.412,25.375,36800
2017-03-29,25.117,25.448,25.228,35600
2017-03-30,25.154,26.257,26.221,45900
2017-03-31,25.632,26.294,25.743,85800
2017-04-03,25.338,25.853,25.522,30300
2017-04-04,25.264,25.743,25.412,41100
2017-04-05,24.676,25.669,24.713,58900
2017-04-06,24.492,25.147,24.97,40300
2017-04-07,24.639,25.044,24.713,42500
2017-04-10,24.124,24.639,24.308,67600
2017-04-11,24.014,24.676,24.382,45600
2017-04-12,23.83,24.823,24.639,139500
2017-04-13,23.793,24.566,23.793,35800
2017-04-17,23.742,24.235,24.235,25800
2017-04-18,23.867,24.294,24.124,44800
2017-04-19,24.258,24.665,24.332,28500
2017-04-20,24.369,25.036,25.036,38300
2017-04-21,24.887,25.369,25.295,50500
2017-04-24,25.776,26.369,26.221,95700
2017-04-25,26.628,27.406,27.295,172900
2017-04-26,27.147,28.109,27.591,203200
2017-04-27,26.65,27.665,26.998,70700
2017-04-28,26.739,27.109,26.85,79300
2017-05-01,26.739,27.184,26.961,48700
2017-05-02,26.591,27.147,26.85,62200
2017-05-03,26.665,27.072,27.035,39000
2017-05-04,26.517,27.221,26.998,28100
2017-05-05,26.776,27.184,27.109,50000
2017-05-08,26.791,27.332,26.961,36100
2017-05-09,26.591,27.243,26.776,35300
2017-05-10,26.406,26.85,26.554,43600
2017-05-11,25.813,26.443,25.924,33100
2017-05-12,25.443,25.961,25.776,33200
2017-05-15,25.85,26.147,26.11,21700
2017-05-16,25.739,26.332,26.295,35800
2017-05-17,25.258,25.873,25.48,92000
2017-05-18,25.369,25.813,25.443,40700
2017-05-19,25.124,25.813,25.258,58600
2017-05-22,25.036,25.517,25.221,39900
2017-05-23,25.11,25.665,25.443,41400
2017-05-24,24.998,25.443,25.258,40800
2017-05-25,24.976,25.443,25.11,41100
2017-05-26,24.924,25.295,25.258,28400
2017-05-30,24.739,25.147,24.85,45800
2017-05-31,24.221,24.887,24.628,53500
2017-06-01,24.369,25.258,25.147,192000
2017-06-02,24.924,25.924,25.036,92800
2017-06-05,24.887,25.48,24.924,40400
2017-06-06,24.554,24.924,24.628,112400
2017-06-07,24.517,24.961,24.85,46600
2017-06-08,24.739,25.443,24.998,144700
2017-06-09,25.554,26.072,25.924,91900
2017-06-12,25.554,26.739,25.702,65700
2017-06-13,25.443,26.095,25.85,32500
2017-06-14,24.924,25.665,25.221,98600
2017-06-15,22.413,25.354,25.184,110500
2017-06-16,24.591,25.11,24.887,186000
2017-06-19,24.184,24.961,24.702,56700
2017-06-20,24.406,24.85,24.48,34800
2017-06-21,23.813,24.554,23.813,44500
2017-06-22,23.591,24.073,23.776,32200
2017-06-23,23.628,24.11,23.999,148700
2017-06-26,23.591,24.11,23.924,60100
2017-06-27,23.85,24.628,24.11,50200
2017-06-28,24.258,24.85,24.628,43300
2017-06-29,24.443,25.184,24.887,51900
2017-06-30,24.517,24.998,24.665,33500
2017-07-03,24.554,25.554,25.443,20700
2017-07-05,24.776,25.517,24.961,40000
2017-07-06,24.48,24.961,24.591,47100
2017-07-07,24.554,25.124,25.11,34900
2017-07-10,24.628,25.073,24.776,26100
2017-07-11,24.295,24.636,24.554,44100
2017-07-12,24.406,25.036,24.813,32900
2017-07-13,24.739,25.073,24.961,29200
2017-07-14,24.443,24.924,24.702,47200
2017-07-17,24.428,25.073,24.776,26600
2017-07-18,24.48,24.998,24.739,26500
2017-07-19,24.612,25.023,24.873,28900
2017-07-20,24.62,24.911,24.762,22700
2017-07-21,24.538,25.023,24.575,72000
2017-07-24,24.336,24.762,24.612,42300
2017-07-25,24.896,25.246,25.06,45400
2017-07-26,24.277,25.358,24.538,37700
2017-07-27,23.531,24.575,23.568,74200
2017-07-28,23.531,24.314,23.904,49000
2017-07-31,24.075,25.023,24.24,52800
2017-08-01,23.867,24.501,24.165,39500
2017-08-02,23.755,24.277,23.829,24900
2017-08-03,23.606,23.904,23.867,53500
2017-08-04,23.829,24.277,24.24,61200
2017-08-07,23.904,24.314,23.941,37500
2017-08-08,23.867,24.448,23.941,43700
2017-08-09,23.531,23.829,23.568,54800
2017-08-10,23.046,23.531,23.046,46900
2017-08-11,22.45,23.158,22.86,56500
2017-08-14,23.009,23.568,23.531,41900
2017-08-15,23.382,23.792,23.382,23700
2017-08-16,23.307,23.68,23.494,41900
2017-08-17,23.083,23.568,23.083,59800
2017-08-18,22.748,23.106,22.86,52500
2017-08-21,22.561,22.972,22.86,38500
2017-08-22,22.822,23.121,23.046,22500
2017-08-23,23.046,23.568,23.158,26300
2017-08-24,23.083,23.382,23.27,31200
2017-08-25,23.158,23.494,23.27,36500
2017-08-28,22.897,23.345,23.046,48900
2017-08-29,22.785,23.121,22.972,32500
2017-08-30,22.785,23.158,22.972,39500
2017-08-31,22.972,23.456,23.046,56400
2017-09-01,23.083,23.456,23.233,34700
2017-09-05,22.599,23.143,22.599,53600
2017-09-06,22.524,22.994,22.748,63700
2017-09-07,22.226,22.934,22.338,58000
2017-09-08,22.226,22.972,22.636,29000
2017-09-11,22.748,23.158,22.972,53000
2017-09-12,23.113,23.456,23.27,18100
2017-09-13,22.934,23.531,23.345,38800
2017-09-14,23.195,23.531,23.345,37300
2017-09-15,22.897,23.382,23.27,114800
2017-09-18,23.091,23.643,23.456,46500
2017-09-19,23.382,23.792,23.531,58000
2017-09-20,23.419,24.128,23.867,76900
2017-09-21,23.606,24.016,23.978,20900
2017-09-22,23.606,24.277,24.277,14800
2017-09-25,23.814,24.426,24.202,21000
2017-09-26,24.202,24.799,24.612,31600
2017-09-27,24.724,25.731,25.433,44000
2017-09-28,25.157,26.067,25.843,84500
2017-09-29,24.911,25.992,25.321,40900
2017-10-02,24.836,25.731,25.694,35900
2017-10-03,25.008,25.806,25.731,26800
2017-10-04,25.321,25.768,25.47,18000
2017-10-05,25.209,25.918,25.731,17300
2017-10-06,25.343,25.918,25.619,25700
2017-10-09,25.157,25.88,25.694,18500
2017-10-10,25.321,25.992,25.955,51200
2017-10-11,25.545,26.067,25.843,31100
2017-10-12,25.418,25.992,25.657,20600
2017-10-13,25.47,25.992,25.843,18500
2017-10-16,25.731,26.067,25.992,13600
2017-10-17,25.47,25.992,25.47,21900
2017-10-18,25.619,26.067,25.918,13600
2017-10-19,25.715,26.128,25.903,19200
2017-10-20,25.903,26.278,25.978,23900
2017-10-23,25.715,26.015,25.828,27400
2017-10-24,25.903,26.278,26.128,29700
2017-10-25,25.79,26.278,26.203,21000
2017-10-26,26.203,26.578,26.578,19200
2017-10-27,26.008,27.892,27.667,43300
2017-10-30,26.353,27.705,26.541,21300
2017-10-31,26.503,27.179,26.653,38800
2017-11-01,25.925,26.916,26.165,17000
2017-11-02,26.128,27.029,26.879,15200
2017-11-03,26.428,26.804,26.428,29700
2017-11-06,26.165,26.503,26.428,19300
2017-11-07,25.302,26.503,25.377,50000
2017-11-08,24.776,25.377,25.039,41300
2017-11-09,24.551,25.002,24.814,32900
2017-11-10,24.776,25.34,25.002,23000
2017-11-13,24.589,25.527,25.34,25000
2017-11-14,24.927,25.715,25.64,26500
2017-11-15,24.889,25.828,25.602,28300
2017-11-16,24.927,26.278,25.752,29200
2017-11-17,25.527,26.09,25.903,18500
2017-11-20,25.002,26.053,26.053,33000
2017-11-21,25.978,26.466,26.165,27200
2017-11-22,26.075,26.353,26.09,19800
2017-11-24,25.264,26.203,25.903,12200
2017-11-27,25.828,26.278,26.128,16000
2017-11-28,25.715,27.367,27.292,29700
2017-11-29,26.991,27.78,27.254,102600
2017-11-30,26.653,27.592,26.991,38000
2017-12-01,26.053,26.916,26.879,23800
2017-12-04,26.991,27.705,27.066,33500
2017-12-05,26.541,27.179,26.653,22800
2017-12-06,26.218,26.916,26.578,22000
2017-12-07,26.278,26.766,26.503,25200
2017-12-08,25.865,26.616,25.903,28200
2017-12-11,25.677,25.978,25.828,18400
2017-12-12,25.865,26.376,26.128,16700
2017-12-13,25.565,26.676,26.241,21600
2017-12-14,25.903,26.391,26.316,97900
2017-12-15,26.278,27.404,27.254,106500
2017-12-18,26.939,27.592,27.329,27000
2017-12-19,26.729,27.367,26.954,31700
2017-12-20,26.503,27.104,26.503,30300
2017-12-21,26.729,27.066,26.879,42100
2017-12-22,26.391,27.029,26.766,30000
2017-12-26,26.278,26.653,26.353,33500
2017-12-27,26.165,26.841,26.316,19700
2017-12-28,26.18,26.503,26.428,23500
2017-12-29,26.158,26.541,26.278,70300
2018-01-02,26.203,26.766,26.578,41700
2018-01-03,26.098,26.466,26.391,137300
2018-01-04,26.278,26.826,26.391,20500
2018-01-05,26.241,26.616,26.578,21100
2018-01-08,26.203,26.503,26.278,24500
2018-01-09,26.24,27.202,26.466,18000
2018-01-10,26.428,26.991,26.691,13800
2018-01-11,26.729,27.404,27.254,28000
2018-01-12,27.179,28.08,27.93,39600
2018-01-16,27.667,28.343,27.78,41200
2018-01-17,27.517,27.93,27.78,64100
2018-01-18,27.104,27.705,27.104,36400
2018-01-19,27.089,27.452,27.429,40800
2018-01-22,27.089,27.391,27.127,17500
2018-01-23,26.877,27.316,27.127,48700
2018-01-24,26.56,27.429,26.635,47200
2018-01-25,26.258,26.9,26.598,30200
2018-01-26,26.416,26.711,26.711,25500
2018-01-29,26.484,26.673,26.522,36000
2018-01-30,25.88,26.711,26.144,33400
2018-01-31,25.729,26.22,25.918,47100
2018-02-01,25.389,25.88,25.54,67000
2018-02-02,25.562,26.144,25.842,30900
2018-02-05,24.709,26.144,24.769,40800
2018-02-06,24.255,25.313,24.86,63400
2018-02-07,24.633,25.086,24.898,31400
2018-02-08,24.331,25.086,24.369,37700
2018-02-09,24.18,25.011,24.784,39000
2018-02-12,24.255,24.86,24.595,35000
2018-02-13,24.331,24.973,24.86,49000
2018-02-14,24.633,25.426,25.426,95900
2018-02-15,25.2,25.804,25.653,40200
2018-02-16,25.578,26.258,25.955,50300
2018-02-20,25.389,26.107,25.615,40800
2018-02-21,25.2,26.522,25.389,33600
2018-02-22,24.973,25.615,25.049,28700
2018-02-23,24.973,25.426,25.351,33300
2018-02-26,25.124,25.54,25.502,19600
2018-02-27,25.124,25.842,25.351,48800
2018-02-28,24.898,25.691,25.086,72200
2018-03-01,24.822,25.313,24.973,21400
2018-03-02,24.746,25.691,25.578,37700
2018-03-05,25.162,26.144,25.842,32000
2018-03-06,25.389,26.144,26.031,31700
2018-03-07,25.615,26.447,26.371,27200
2018-03-08,25.842,26.295,26.069,15100
2018-03-09,25.955,26.749,26.673,28100
2018-03-12,26.469,26.877,26.749,32200
2018-03-13,26.484,26.975,26.598,30800
2018-03-14,26.144,26.522,26.258,36900
2018-03-15,26.144,26.598,26.409,26800
2018-03-16,26.409,26.824,26.673,82600
2018-03-19,26.167,26.711,26.598,20100
2018-03-20,26.107,26.749,26.258,18700
2018-03-21,25.955,26.447,26.182,37500
2018-03-22,25.464,26.182,25.578,35000
2018-03-23,24.746,25.653,24.746,46300
2018-03-26,24.86,25.766,25.653,46600
2018-03-27,25.162,25.993,25.313,29400
2018-03-28,25.351,25.729,25.502,29500
2018-03-29,25.275,25.955,25.351,27800
2018-04-02,24.595,25.502,24.86,39500
2018-04-03,24.709,25.238,25.049,56500
2018-04-04,24.784,25.313,25.124,71000
2018-04-05,25.049,25.313,25.2,56400
2018-04-06,24.52,25.389,24.86,55100
2018-04-09,24.822,25.351,24.822,38400
2018-04-10,24.746,25.086,24.898,105500
2018-04-11,24.633,25.2,24.822,50800
2018-04-12,24.822,25.086,24.898,72300
2018-04-13,24.633,25.011,24.671,35600
2018-04-16,24.595,24.935,24.633,46300
2018-04-17,24.369,24.822,24.406,39400
2018-04-18,24.18,24.709,24.255,52700
2018-04-19,24.278,24.621,24.354,99500
2018-04-20,24.278,24.621,24.468,50600
2018-04-23,24.392,24.849,24.697,44900
2018-04-24,24.659,25.077,24.925,47400
2018-04-25,24.963,26.029,25.686,64900
2018-04-26,25.648,25.99,25.8,46900
2018-04-27,25.572,26.044,25.686,26800
2018-04-30,25.039,25.8,25.039,35100
2018-05-01,24.849,25.724,25.686,95200
2018-05-02,25.267,25.99,25.876,37200
2018-05-03,25.458,25.99,25.876,96600
2018-05-04,25.876,27.893,27.665,91600
2018-05-07,26.942,27.893,27.627,36700
2018-05-08,27.551,28.083,27.855,92500
2018-05-09,27.741,28.258,28.121,31400
2018-05-10,27.855,28.16,28.121,31600
2018-05-11,27.741,28.16,27.855,21400
2018-05-14,27.551,28.007,27.589,26900
2018-05-15,27.398,28.007,27.779,17900
2018-05-16,27.627,28.274,28.045,37200
2018-05-17,28.007,28.373,28.312,59700
2018-05-18,28.045,28.464,28.083,53100
2018-05-21,28.16,28.73,28.464,38000
2018-05-22,28.167,28.692,28.388,60200
2018-05-23,28.16,28.464,28.388,42300
2018-05-24,28.007,28.35,28.198,53500
2018-05-25,28.121,28.35,28.274,28400
2018-05-29,27.741,28.236,27.969,31500
2018-05-30,27.931,28.388,28.121,57200
2018-05-31,27.931,28.35,28.121,31400
2018-06-01,28.236,28.578,28.426,28300
2018-06-04,28.274,28.54,28.35,50300
2018-06-05,28.16,28.54,28.388,40200
2018-06-06,28.388,28.73,28.73,50200
2018-06-07,26.135,28.921,28.578,27900
2018-06-08,28.236,28.692,28.388,34000
2018-06-11,27.741,28.502,27.855,37000
2018-06-12,27.132,27.855,27.36,40200
2018-06-13,27.17,27.703,27.437,37000
2018-06-14,27.147,27.627,27.551,27400
2018-06-15,27.246,27.703,27.475,73200
2018-06-18,27.17,27.855,27.665,33100
2018-06-19,27.475,28.236,28.083,38700
2018-06-20,28.083,28.388,28.312,33200
2018-06-21,28.045,28.616,28.35,45000
2018-06-22,27.969,28.578,28.236,247100
2018-06-25,27.855,28.236,28.121,32400
2018-06-26,27.855,28.198,28.045,44300
2018-06-27,27.551,28.083,27.589,26900
2018-06-28,27.513,27.817,27.589,24400
2018-06-29,27.246,27.969,27.36,57600
2018-07-02,27.246,27.855,27.779,22500
2018-07-03,27.741,28.182,27.779,12900
2018-07-05,27.612,28.045,27.931,21000
2018-07-06,27.855,28.236,28.083,17900
2018-07-09,28.083,28.426,28.312,15500
2018-07-10,27.779,28.426,27.893,27500
2018-07-11,27.703,28.083,27.893,15800
2018-07-12,27.398,28.007,27.551,21300
2018-07-13,27.284,27.627,27.322,19400
2018-07-16,27.36,27.627,27.551,24700
2018-07-17,27.475,27.931,27.475,24800
2018-07-18,27.475,27.779,27.703,28100
2018-07-19,27.551,28.083,28.007,31100
2018-07-20,27.839,28.107,27.915,39100
2018-07-23,27.915,28.36,28.183,22300
2018-07-24,27.801,28.26,27.992,27300
2018-07-25,26.116,27.211,26.499,52400
2018-07-26,26.575,27.724,27.647,45800
2018-07-27,27.379,27.801,27.532,56000
2018-07-30,27.379,27.762,27.494,80200
2018-07-31,27.111,27.724,27.418,72900
2018-08-01,27.073,27.647,27.379,39600
2018-08-02,27.073,27.532,27.341,26700
2018-08-03,26.613,27.532,26.652,21900
2018-08-06,26.499,26.882,26.69,23800
2018-08-07,26.307,26.882,26.46,27400
2018-08-08,26.231,26.767,26.69,15400
2018-08-09,26.59,26.882,26.767,18600
2018-08-10,26.46,26.958,26.805,36900
2018-08-13,26.575,27.111,26.805,41100
2018-08-14,26.499,27.188,26.996,37600
2018-08-15,26.499,27.035,26.575,35400
2018-08-16,26.652,27.372,27.264,53000
2018-08-17,27.264,27.954,27.303,69500
2018-08-20,27.073,27.456,27.264,22000
2018-08-21,27.188,27.762,27.571,20900
2018-08-22,27.264,27.594,27.494,22000
2018-08-23,27.111,27.494,27.15,34500
2018-08-24,27.035,27.418,27.073,30400
2018-08-27,26.996,27.341,27.035,22000
2018-08-28,26.69,27.073,26.728,19300
2018-08-29,26.307,27.073,26.613,37400
2018-08-30,26.422,26.805,26.652,21400
2018-08-31,26.652,26.882,26.805,22300
2018-09-04,26.575,26.996,26.92,38500
2018-09-05,26.92,27.15,27.111,57000
2018-09-06,27.035,27.303,27.188,35000
2018-09-07,27.111,27.379,27.341,37600
2018-09-10,27.249,27.494,27.303,59900
2018-09-11,27.318,27.494,27.456,45600
2018-09-12,26.904,27.494,27.111,54400
2018-09-13,26.728,27.188,26.767,35300
2018-09-14,26.636,27.073,26.996,25000
2018-09-17,26.613,27.073,26.728,26400
2018-09-18,26.537,26.728,26.575,26300
2018-09-19,26.499,26.958,26.499,32700
2018-09-20,26.675,26.958,26.843,31300
2018-09-21,26.728,27.15,26.805,82900
2018-09-24,26.116,26.728,26.307,41600
2018-09-25,26.039,26.46,26.077,28100
2018-09-26,25.426,26.077,25.541,55400
2018-09-27,25.273,25.694,25.35,30500
2018-09-28,25.296,25.541,25.426,30000
2018-10-01,24.844,25.488,24.944,23000
2018-10-02,24.293,25.097,24.553,32400
2018-10-03,24.569,25.189,25.059,38000
2018-10-04,24.883,25.273,24.967,26300
2018-10-05,24.423,25.036,24.553,33400
2018-10-08,24.308,24.814,24.714,30400
2018-10-09,24.507,25.036,24.661,45100
2018-10-10,24.492,25.074,24.515,47700
2018-10-11,24.293,24.745,24.301,55300
2018-10-12,23.167,24.752,23.512,57200
2018-10-15,23.405,23.856,23.78,40000
2018-10-16,23.573,24.53,24.278,42300
2018-10-17,23.772,24.324,24.278,38100
2018-10-18,23.645,24.463,23.815,27100
2018-10-19,23.398,23.846,23.452,37800
2018-10-22,22.982,23.498,23.066,50100
2018-10-23,22.611,23.144,22.75,32600
2018-10-24,21.4,22.928,21.462,50300
2018-10-25,21.531,22.658,22.457,59000
2018-10-26,21.971,23.128,22.681,41600
2018-10-29,22.596,23.259,23.144,37600
2018-10-30,22.804,23.267,23.159,24600
2018-10-31,22.796,23.606,22.912,49300
2018-11-01,22.712,23.591,22.897,29300
2018-11-02,22.781,23.336,23.028,29600
2018-11-05,22.712,23.144,22.796,18600
2018-11-06,22.457,23.144,22.951,21200
2018-11-07,22.604,23.105,23.074,26800
2018-11-08,22.982,23.606,23.552,33200
2018-11-09,23.182,23.907,23.236,34100
2018-11-12,22.58,23.522,23.097,26300
2018-11-13,22.804,23.514,23.275,19800
2018-11-14,22.411,23.576,22.565,33000
2018-11-15,22.395,23.159,23.066,26900
2018-11-16,22.696,23.298,23.074,30100
2018-11-19,22.596,23.113,22.843,17100
2018-11-20,22.349,22.92,22.542,37000
2018-11-21,22.079,22.966,22.573,12300
2018-11-23,22.542,23.036,22.85,13900
2018-11-26,22.658,22.958,22.688,39800
2018-11-27,22.233,22.642,22.457,23500
2018-11-28,22.11,23.09,22.982,37900
2018-11-29,22.457,23.097,22.773,27700
2018-11-30,22.704,23.051,22.773,52400
2018-12-03,22.403,23.182,22.488,33200
2018-12-04,21.13,22.372,21.176,52000
2018-12-06,20.729,21.346,21.308,36700
2018-12-07,20.953,21.878,21.184,34800
2018-12-10,20.629,21.277,21.269,40400
2018-12-11,20.984,21.562,21.038,21700
2018-12-12,21.254,21.809,21.423,35100
2018-12-13,20.991,21.763,21.014,25100
2018-12-14,20.675,21.2,20.829,49800
2018-12-17,20.451,21.2,20.536,49400
2018-12-18,20.011,20.659,20.104,47600
2018-12-19,19.387,20.235,19.456,36300
2018-12-20,19.24,20.15,19.279,67700
2018-12-21,19.047,19.456,19.132,189100
2018-12-24,18.607,19.541,18.816,16600
2018-12-26,18.754,19.718,19.51,53700
2018-12-27,18.901,19.726,19.471,36400
2018-12-28,19.487,20.058,19.556,46900
2018-12-31,19.263,19.996,19.664,81400
2019-01-02,19.425,20.366,20.274,50600
2019-01-03,19.911,20.544,20.112,24000
2019-01-04,19.765,20.791,20.791,38700
2019-01-07,20.166,20.875,20.791,61100
2019-01-08,20.698,21.215,21.115,26100
2019-01-09,20.305,21.084,20.829,42100
2019-01-10,20.582,21.115,20.86,44800
2019-01-11,20.528,20.968,20.845,33400
2019-01-14,20.737,21.122,20.984,40800
2019-01-15,20.737,21.215,21.146,31700
2019-01-16,21.3,23.105,21.47,76600
2019-01-17,21.189,21.672,21.524,31000
2019-01-18,21.47,22.022,21.858,42700
2019-01-22,21.633,22.17,21.921,54100
2019-01-23,21.82,22.006,21.89,28400
2019-01-24,21.687,22.247,22.045,21500
2019-01-25,21.967,22.434,22.115,27200
2019-01-28,21.897,22.496,22.1,21700
2019-01-29,23.368,24.317,23.826,61400
2019-01-30,23.71,24.037,23.865,34500
2019-01-31,23.64,24.06,23.951,45000
2019-02-01,23.811,24.177,24.145,20000
2019-02-04,24.099,24.589,24.527,27800
2019-02-05,24.27,24.643,24.519,33100
2019-02-06,24.418,24.565,24.425,20400
2019-02-07,24.433,24.635,24.472,22300
2019-02-08,24.278,24.488,24.472,31500
2019-02-11,24.41,24.853,24.791,14900
2019-02-12,24.822,25.188,25.001,18400
2019-02-13,24.908,25.701,25.515,35000
2019-02-14,25.203,25.515,25.219,26500
2019-02-15,25.32,25.966,25.771,42800
2019-02-19,25.087,26.285,26.051,32400
2019-02-20,25.849,26.355,26.285,20200
2019-02-21,25.787,26.222,26.051,31100
2019-02-22,25.67,26.324,25.826,72900
2019-02-25,25.787,26.191,25.841,25300
2019-02-26,25.538,25.966,25.569,26700
2019-02-27,25.483,25.826,25.623,13100
2019-02-28,25.483,25.857,25.647,44900
2019-03-01,25.406,25.865,25.865,17400
2019-03-04,25.515,25.865,25.616,20500
2019-03-05,25.382,25.655,25.538,14600
2019-03-06,24.721,25.6,24.814,21200
2019-03-07,24.363,24.807,24.449,24500
2019-03-08,24.379,24.721,24.628,13900
2019-03-11,24.472,25.102,25.009,18100
2019-03-12,24.838,25.452,24.861,11700
2019-03-13,24.589,24.978,24.651,52300
2019-03-14,24.41,24.698,24.488,34700
2019-03-15,24.161,24.659,24.285,118900
2019-03-18,24.122,24.464,24.433,73200
2019-03-19,23.85,24.425,23.858,29300
2019-03-20,23.228,24.013,23.228,45800
2019-03-21,22.815,23.336,22.862,39700
2019-03-22,21.415,22.776,21.438,204000
2019-03-25,21.322,22.177,22.061,83700
2019-03-26,22.123,22.691,22.667,35700
2019-03-27,22.325,22.932,22.691,24900
2019-03-28,22.38,22.924,22.916,17600
2019-03-29,22.465,23.056,22.792,40900
2019-04-01,23.002,23.795,23.515,86700
2019-04-02,23.298,23.655,23.414,21900
2019-04-03,23.422,23.811,23.733,26400
2019-04-04,23.5,24.037,24.037,11700
2019-04-05,23.959,24.122,24.114,27700
2019-04-08,23.982,24.231,23.99,28100
2019-04-09,23.57,24.114,23.663,22800
2019-04-10,23.554,24.153,24.099,28400
2019-04-11,23.974,24.223,24.107,36700
2019-04-12,23.99,24.737,24.721,67900
2019-04-15,24.34,24.729,24.379,33400
2019-04-16,24.387,24.892,24.83,20100
2019-04-17,24.501,25.002,24.83,30700
2019-04-18,24.101,24.759,24.391,22000
2019-04-22,23.663,24.376,23.858,16700
2019-04-23,23.67,24.791,24.524,45300
2019-04-24,23.044,24.681,23.929,57200
2019-04-25,23.404,24.195,23.929,29900
2019-04-26,23.686,24.266,24.07,18100
2019-04-29,24.156,24.759,24.658,18600
2019-04-30,24.086,24.65,24.281,28500
2019-05-01,23.804,24.43,24.133,55200
2019-05-02,24.297,24.532,24.297,13800
2019-05-03,24.485,24.979,24.822,29300
2019-05-06,24.477,25.01,24.869,19000
2019-05-07,23.772,24.642,23.921,38200
2019-05-08,23.78,24.101,23.827,30500
2019-05-09,23.294,23.992,23.796,33000
2019-05-10,22.957,23.788,23.757,25200
2019-05-13,22.691,23.913,22.738,27900
2019-05-14,22.628,23.232,23.2,34000
2019-05-15,22.707,23.114,22.918,33600
2019-05-16,22.926,23.388,23.036,21900
2019-05-17,22.511,23.529,22.918,47700
2019-05-20,22.66,23.404,23.145,15400
2019-05-21,23.138,23.843,23.349,15100
2019-05-22,22.91,23.537,23.02,17400
2019-05-23,22.111,22.793,22.221,22800
2019-05-24,22.291,22.997,22.581,24800
2019-05-28,22.323,23.004,22.346,33400
2019-05-29,22.056,22.526,22.401,39900
2019-05-30,19.956,22.503,21.892,50700
2019-05-31,21.665,22.033,21.806,37900
2019-06-03,21.563,22.276,21.915,39200
2019-06-04,22.213,22.738,22.534,19400
2019-06-05,21.79,22.801,22.37,32300
2019-06-06,21.939,22.479,22.189,17200
2019-06-07,21.97,22.346,22.072,25900
2019-06-10,22.174,22.519,22.315,13500
2019-06-11,22.072,22.589,22.276,24500
2019-06-12,22.017,22.331,22.135,15700
2019-06-13,22.072,22.401,22.08,25500
2019-06-14,21.9,22.558,22.323,27600
2019-06-17,22.001,23.083,22.08,15400
2019-06-18,22.103,22.479,22.417,13300
2019-06-19,22.166,22.636,22.229,20200
2019-06-20,22.088,22.432,22.37,15700
2019-06-21,22.268,22.605,22.425,36700
2019-06-24,21.766,22.73,21.837,23400
2019-06-25,21.766,22.276,22.197,24600
2019-06-26,22.182,22.362,22.205,12900
2019-06-27,22.213,22.589,22.526,32900
2019-06-28,22.487,23.576,23.083,88100
2019-07-01,22.942,23.326,23.098,18800
2019-07-02,22.331,22.957,22.597,18200
2019-07-03,22.346,23.161,22.566,5200
2019-07-05,22.511,23.036,23.028,11300
2019-07-08,22.707,22.95,22.855,33500
2019-07-09,22.722,23.067,22.965,8600
2019-07-10,22.683,23.208,22.746,17100
2019-07-11,22.644,22.918,22.808,16900
2019-07-12,22.871,23.286,22.997,20700
2019-07-15,22.644,22.997,22.746,16400
2019-07-16,22.683,22.848,22.73,13300
2019-07-17,22.519,22.832,22.542,25100
2019-07-18,22.472,22.66,22.581,16400
2019-07-19,22.471,22.7,22.518,24100
2019-07-22,22.21,22.676,22.573,36200
2019-07-23,22.431,22.676,22.439,13600
2019-07-24,21.934,23.087,22.897,36300
2019-07-25,22.455,23.024,22.589,12000
2019-07-26,22.479,23.229,23.079,43400
2019-07-29,22.771,23.308,22.858,26000
2019-07-30,22.463,23.545,23.221,39600
2019-07-31,23.063,23.648,23.071,65100
2019-08-01,22.352,23.229,22.392,44600
2019-08-02,22.131,22.455,22.289,37900
2019-08-05,21.152,21.894,21.554,111400
2019-08-06,21.057,21.657,21.491,32100
2019-08-07,20.891,21.547,21.341,22400
2019-08-08,21.61,22.178,21.76,50700
2019-08-09,21.602,22.25,21.807,21900
2019-08-12,21.499,21.965,21.807,16800
2019-08-13,21.728,22.289,21.949,20400
2019-08-14,21.318,21.863,21.499,26400
2019-08-15,21.444,21.768,21.594,30000
2019-08-16,21.72,22.21,22.171,18100
2019-08-19,21.981,22.518,22.076,12900
2019-08-20,21.444,21.863,21.547,23300
2019-08-21,21.491,21.697,21.578,22200
2019-08-22,21.507,21.894,21.523,18600
2019-08-23,20.883,21.649,20.899,56200
2019-08-26,20.844,21.286,21.246,20000
2019-08-27,20.859,21.57,20.867,37100
2019-08-28,20.622,21.325,21.002,29200
2019-08-29,21.049,21.531,21.223,43400
2019-08-30,21.057,21.262,21.254,25000
2019-09-03,20.638,21.175,20.875,32500
2019-09-04,20.899,21.136,21.096,32200
2019-09-05,21.199,21.855,21.491,33500
2019-09-06,21.088,21.633,21.223,21400
2019-09-09,21.199,22.242,22.115,51700
2019-09-10,21.736,22.731,22.494,20500
2019-09-11,22.076,23.332,23.221,39400
2019-09-12,22.795,23.671,23.521,45900
2019-09-13,23.553,24.019,23.79,48200
2019-09-16,23.442,24.24,23.545,43400
2019-09-17,22.937,23.45,23.371,24700
2019-09-18,23.103,23.687,23.466,37000
2019-09-19,23.245,23.987,23.245,27400
2019-09-20,23.095,23.569,23.442,97900
2019-09-23,23.213,23.711,23.655,26600
2019-09-24,23.332,23.616,23.403,40100
2019-09-25,23.458,24.035,23.798,27900
2019-09-26,23.332,23.734,23.379,21900
2019-09-27,23.339,23.924,23.442,37100
2019-09-30,23.347,23.592,23.347,39300
2019-10-01,22.858,23.64,23.008,69400
2019-10-02,22.818,23.229,23.11,62300
2019-10-03,22.565,23.26,22.976,42500
2019-10-04,22.921,23.284,23.284,33500
2019-10-07,23.253,23.671,23.418,22800
2019-10-08,22.716,23.205,22.897,45800
2019-10-09,22.905,23.103,22.992,35800
2019-10-10,22.905,23.292,23.031,38800
2019-10-11,23.158,23.687,23.403,64300
2019-10-14,23.095,23.332,23.292,32400
2019-10-15,23.3,23.513,23.458,42600
2019-10-16,23.237,23.553,23.3,58300
2019-10-17,23.212,23.491,23.475,33000
2019-10-18,23.308,23.674,23.555,50600
2019-10-21,23.491,24.032,23.825,91800
2019-10-22,23.555,24.136,23.873,36700
2019-10-23,23.547,23.961,23.881,39100
2019-10-24,23.531,23.985,23.682,46800
2019-10-25,23.881,25.648,25.441,117500
2019-10-28,25.553,26.198,25.887,64400
2019-10-29,25.64,25.975,25.903,89800
2019-10-30,25.513,26.357,26.07,69000
2019-10-31,25.402,26.094,25.792,41400
2019-11-01,25.823,26.365,25.959,49700
2019-11-04,26.078,26.556,26.341,40700
2019-11-05,26.42,26.954,26.803,42700
2019-11-06,26.46,26.826,26.691,49800
2019-11-07,26.643,27.169,26.723,27600
2019-11-08,26.54,27.01,26.755,26600
2019-11-11,26.42,26.922,26.787,18800
2019-11-12,26.548,26.962,26.588,41100
2019-11-13,26.237,26.58,26.389,54600
2019-11-14,26.054,27.169,26.492,36700
2019-11-15,26.277,26.699,26.428,23200
2019-11-18,25.919,26.333,26.221,36900
2019-11-19,26.221,26.604,26.269,52900
2019-11-20,25.871,26.484,26.11,66300
2019-11-21,25.895,26.253,25.991,22100
2019-11-22,25.911,26.158,25.959,15400
2019-11-25,25.999,26.532,26.389,34800
2019-11-26,26.19,26.405,26.253,29100
2019-11-27,26.198,26.428,26.293,19100
2019-11-29,26.007,26.317,26.014,12500
2019-12-02,25.847,26.253,25.975,25300
2019-12-03,25.449,26.014,25.784,33900
2019-12-04,25.863,26.142,25.927,25300
2019-12-05,25.999,26.142,26.038,29300
2019-12-06,26.15,26.46,26.317,40700
2019-12-09,26.062,26.301,26.158,26200
2019-12-10,25.983,26.42,26.03,98000
2019-12-11,25.895,26.229,26.07,86100
2019-12-12,26.046,26.508,26.389,84800
2019-12-13,25.999,26.492,26.468,69700
2019-12-16,26.476,27.065,26.922,75000
2019-12-17,26.914,27.264,27.129,40400
2019-12-18,26.874,27.256,26.986,44800
2019-12-19,26.85,27.033,27.002,35900
2019-12-20,26.763,27.113,26.914,102200
2019-12-23,26.811,27.002,26.938,65400
2019-12-24,26.787,26.97,26.97,14900
2019-12-26,26.818,27.002,26.954,23000
2019-12-27,26.723,27.161,26.795,30200
2019-12-30,26.635,26.914,26.715,30400
2019-12-31,26.564,26.842,26.691,35200
2020-01-02,26.373,26.803,26.659,48200
2020-01-03,26.174,26.596,26.357,50400
2020-01-06,25.935,26.269,26.062,28400
2020-01-07,25.608,26.19,25.68,29800
2020-01-08,25.752,26.038,25.879,25400
2020-01-09,25.688,26.062,25.72,20700
2020-01-10,25.402,25.752,25.545,29000
2020-01-13,25.433,26.333,26.062,41400
2020-01-14,25.895,26.285,26.062,42100
2020-01-15,25.776,26.078,25.903,32800
2020-01-16,25.792,26.516,26.293,31600
2020-01-17,26.038,26.731,26.182,37800
2020-01-21,25.951,26.253,26.046,49400
2020-01-22,25.72,26.158,25.871,38400
2020-01-23,25.358,25.959,25.815,52100
2020-01-24,25.47,25.823,25.599,41600
2020-01-27,25.318,25.719,25.446,36700
2020-01-28,25.214,25.607,25.342,40800
2020-01-29,24.973,25.735,25.125,41500
2020-01-30,24.764,25.847,25.43,49500
2020-01-31,24.307,25.422,24.339,60000
2020-02-03,24.291,24.773,24.588,58700
2020-02-04,24.813,25.214,25.013,52900
2020-02-05,24.997,25.47,25.342,41100
2020-02-06,25.198,25.462,25.31,41900
2020-02-07,24.949,25.238,25.061,46000
2020-02-10,24.901,25.246,25.246,59200
2020-02-11,25.262,25.663,25.278,35500
2020-02-12,25.366,25.55,25.462,29900
2020-02-13,25.246,25.494,25.422,32900
2020-02-14,25.061,25.494,25.173,29600
2020-02-18,24.813,25.574,24.861,31800
2020-02-19,24.845,25.31,25.181,39300
2020-02-20,24.989,25.358,25.238,28300
2020-02-21,24.949,25.198,25.109,37900
2020-02-24,24.163,24.596,24.275,42100
2020-02-25,23.321,24.211,23.433,38400
2020-02-26,23.345,23.922,23.481,33800
2020-02-27,22.359,23.425,22.359,74000
2020-02-28,21.38,22.511,22.07,80400
2020-03-02,21.669,22.736,22.294,81500
2020-03-03,21.404,22.254,21.501,66700
2020-03-04,21.284,22.046,21.95,57500
2020-03-05,20.715,21.492,21.083,64400
2020-03-06,19.945,20.763,20.418,85200
2020-03-09,17.828,19.568,18.14,77200
2020-03-10,18.782,20.073,19.873,82500
2020-03-11,18.317,19.56,18.654,80300
2020-03-12,16.737,18.341,17.01,90400
2020-03-13,16.729,18.132,18.132,111500
2020-03-16,15.406,17.964,15.47,119800
2020-03-17,14.836,17.763,17.763,99100
2020-03-18,15.013,17.186,15.181,79500
2020-03-19,15.037,17.787,17.106,79500
2020-03-20,15.783,17.571,15.847,137200
2020-03-23,14.515,16.063,14.965,95800
2020-03-24,15.454,16.721,16.488,72900
2020-03-25,15.333,16.841,15.502,83600
2020-03-26,15.646,17.002,16.889,64200
2020-03-27,15.943,16.761,16.103,40200
2020-03-30,16.055,17.026,16.745,65200
2020-03-31,16.135,17.002,16.969,113400
2020-04-01,15.55,16.833,15.662,70500
2020-04-02,14.973,15.919,15.502,59500
2020-04-03,14.203,15.438,14.451,54700
2020-04-06,14.74,15.999,15.293,128400
2020-04-07,14.732,16.288,15.229,104500
2020-04-08,15.101,15.686,15.454,109600
2020-04-09,15.678,16.785,16.585,141300
2020-04-13,15.598,16.456,15.742,80700
2020-04-14,14.989,16.368,15.309,88600
2020-04-15,14.275,15.101,14.339,78700
2020-04-16,13.77,14.764,14.203,125800
2020-04-17,14.349,15.284,14.837,134800
2020-04-20,14.186,14.999,14.674,63500
2020-04-21,14.024,14.682,14.625,75200
2020-04-22,14.414,15.008,14.715,84000
2020-04-23,14.788,15.438,15.154,66800
2020-04-24,15.162,15.78,15.495,40500
2020-04-27,15.78,16.772,16.487,57700
2020-04-28,16.26,17.235,16.942,45100
2020-04-29,16.991,18.455,18.089,121700
2020-04-30,16.203,17.365,16.82,105500
2020-05-01,15.747,16.902,16.365,97900
2020-05-04,15.869,16.536,16.186,57600
2020-05-05,15.812,16.674,15.886,75700
2020-05-06,15.617,16.129,15.682,62600
2020-05-07,15.65,16.211,15.959,55300
2020-05-08,16.073,16.764,16.755,83600
2020-05-11,15.755,16.658,16.146,95700
2020-05-12,15.227,16.26,15.284,81700
2020-05-13,14.487,15.235,14.91,124700
2020-05-14,14.113,15.146,15.064,92000
2020-05-15,14.739,15.308,15.17,68200
2020-05-18,15.447,16.536,16.3,116300
2020-05-19,15.617,16.438,15.617,72600
2020-05-20,15.959,16.723,16.455,97500
2020-05-21,16.178,16.503,16.398,68200
2020-05-22,16.105,16.577,16.495,104100
2020-05-26,16.991,17.495,17.194,89700
2020-05-27,17.894,18.967,18.796,101500
2020-05-28,17.747,19.202,17.772,60100
2020-05-29,16.975,18.081,17.316,73900
2020-06-01,17.032,17.511,17.072,61100
2020-06-02,16.926,18.544,16.983,80400
2020-06-03,17.292,18.137,17.853,66800
2020-06-04,17.625,18.292,18.048,46200
2020-06-05,18.829,19.999,19.585,127300
2020-06-08,19.715,20.202,20.202,62100
2020-06-09,19.251,20.211,19.788,54200
2020-06-10,18.438,19.715,18.479,56800
2020-06-11,17.007,17.674,17.04,122300
2020-06-12,16.983,17.853,17.503,49800
2020-06-15,16.682,17.69,17.585,53600
2020-06-16,17.999,19.292,18.365,98400
2020-06-17,17.747,18.698,17.804,58800
2020-06-18,17.503,18.121,17.82,62900
2020-06-19,17.43,18.308,18.308,214000
2020-06-22,18.024,18.463,18.341,86500
2020-06-23,18.137,18.983,18.211,75600
2020-06-24,17.203,17.869,17.398,57400
2020-06-25,17.194,18.048,17.942,69200
2020-06-26,16.804,17.723,17.333,207200
2020-06-29,17.577,18.178,18.089,103000
2020-06-30,17.894,18.707,18.568,51900
2020-07-01,17.739,18.625,17.739,72400
2020-07-02,16.024,17.731,16.503,331800
2020-07-06,16.211,17.072,16.292,227800
2020-07-07,15.52,16.227,15.625,185200
2020-07-08,14.837,15.731,15.292,187100
2020-07-09,14.365,15.227,14.512,251600
2020-07-10,14.585,15.316,15.227,133800
2020-07-13,14.894,15.609,15.243,135400
2020-07-14,14.804,15.577,14.918,89600
2020-07-15,15.089,15.65,15.373,160600
2020-07-16,15.243,15.812,15.568,82800
2020-07-17,15.099,15.774,15.14,87900
2020-07-20,14.506,15.132,14.539,119000
2020-07-21,14.745,15.494,15.256,141200
2020-07-22,14.712,15.132,14.877,111700
2020-07-23,14.704,15.19,15.173,100000
2020-07-24,15.083,15.387,15.099,83500
2020-07-27,14.556,15.272,14.836,130400
2020-07-28,14.613,14.943,14.671,139100
2020-07-29,14.655,15.404,15.321,158600
2020-07-30,14.753,15.14,15.009,113900
2020-07-31,14.613,15.116,14.893,174800
2020-08-03,14.712,15.058,15.025,95800
2020-08-04,14.918,15.42,15.42,174400
2020-08-05,15.437,16.293,16.186,232900
2020-08-06,15.988,16.433,16.326,151200
2020-08-07,16.186,17.511,17.511,171300
2020-08-10,17.092,18.047,17.157,134300
2020-08-11,17.05,17.874,17.199,74400
2020-08-12,17.026,17.586,17.207,73900
2020-08-13,16.688,17.1,16.795,36400
2020-08-14,16.556,17.108,16.96,36100
2020-08-17,16.589,16.952,16.795,35600
2020-08-18,16.285,16.787,16.326,71600
2020-08-19,16.235,16.771,16.466,36000
2020-08-20,16.112,16.663,16.565,73700
2020-08-21,16.285,16.672,16.474,148200
2020-08-24,16.326,16.787,16.754,67000
2020-08-25,16.507,17.1,16.655,57700
2020-08-26,16.26,16.647,16.285,72600
2020-08-27,16.309,16.787,16.515,45700
2020-08-28,16.342,16.672,16.581,131500
2020-08-31,16.326,16.622,16.474,88600
2020-09-01,16.227,16.746,16.499,59000
2020-09-02,16.449,16.655,16.581,65300
2020-09-03,16.482,17.075,16.655,82900
2020-09-04,16.556,17.157,16.985,101200
2020-09-08,16.367,16.886,16.532,91200
2020-09-09,16.416,16.696,16.482,103000
2020-09-10,16.161,16.688,16.161,178300
2020-09-11,15.906,16.211,16.087,69500
2020-09-14,16.079,16.532,16.441,69300
2020-09-15,16.153,16.655,16.169,61000
2020-09-16,16.062,16.334,16.244,53200
2020-09-17,15.988,16.227,16.104,45700
2020-09-18,15.486,16.128,15.511,329700
2020-09-21,14.334,15.19,14.572,151400
2020-09-22,14.004,14.688,14.095,173000
2020-09-23,13.593,14.358,13.609,173400
2020-09-24,13.7,14.449,14.004,137800
2020-09-25,13.807,14.128,14.078,97600
2020-09-28,14.284,14.663,14.441,64400
2020-09-29,13.93,14.366,14.276,47200
2020-09-30,14.218,14.663,14.35,63200
2020-10-01,14.037,14.457,14.457,82500
2020-10-02,14.218,14.951,14.745,116700
2020-10-05,14.869,15.297,15.264,79900
2020-10-06,15.346,15.964,15.437,127000
2020-10-07,15.445,15.865,15.676,59100
2020-10-08,15.346,16.062,15.955,80600
2020-10-09,15.264,16.128,15.906,61100
2020-10-12,15.791,16.194,16.153,44900
2020-10-13,15.511,16.013,15.643,43700
2020-10-14,15.544,15.725,15.544,49300
2020-10-15,15.173,16.062,16.038,51600
2020-10-16,15.676,16.219,16.062,38200
2020-10-19,15.832,16.342,15.881,30500
2020-10-20,15.89,16.367,15.997,50400
2020-10-21,15.955,16.145,16.071,53600
2020-10-22,16.112,16.746,16.721,73400
2020-10-23,16.688,17.246,16.971,78900
2020-10-26,16.421,16.804,16.796,40100
2020-10-27,15.887,16.713,15.987,56200
2020-10-28,15.487,16.421,15.521,81400
2020-10-29,15.204,16.196,16.179,64100
2020-10-30,15.962,16.454,16.287,123400
2020-11-02,16.204,16.913,16.354,73400
2020-11-03,16.612,17.038,16.796,82900
2020-11-04,15.462,16.387,15.704,102800
2020-11-05,15.679,16.362,16.204,74700
2020-11-06,15.437,16.379,15.612,62300
2020-11-09,16.462,18.421,17.838,192400
2020-11-10,17.788,18.721,18.555,84100
2020-11-11,17.363,18.58,17.671,57300
2020-11-12,16.671,17.379,17.046,69100
2020-11-13,17.088,17.829,17.238,161300
2020-11-16,17.671,18.088,17.996,121200
2020-11-17,17.429,17.738,17.646,87400
2020-11-18,17.546,18.33,17.563,160100
2020-11-19,17.229,17.988,17.938,111700
2020-11-20,17.696,18.313,18.163,91800
2020-11-23,18.38,18.98,18.571,91600
2020-11-24,18.963,19.813,19.697,83600
2020-11-25,19.463,20.297,20.247,106800
2020-11-27,19.597,20.972,19.663,128600
2020-11-30,18.53,19.68,18.605,122000
2020-12-01,18.746,19.522,19.238,85800
2020-12-02,19.063,19.805,19.738,65700
2020-12-03,19.338,19.963,19.713,61800
2020-12-04,19.738,21.014,20.905,92600
2020-12-07,20.372,21.114,20.764,109800
2020-12-08,20.247,20.772,20.272,132700
2020-12-09,19.822,21.489,20.238,113300
2020-12-10,19.905,20.43,20.397,54600
2020-12-11,19.972,20.68,20.28,80000
2020-12-14,20.063,20.872,20.138,44800
2020-12-15,19.955,20.839,20.755,78000
2020-12-16,20.347,21.289,21.08,150200
2020-12-17,20.422,21.014,20.872,90500
2020-12-18,20.097,20.864,20.23,215900
2020-12-21,19.697,20.33,20.08,76500
2020-12-22,19.522,20.555,19.597,49300
2020-12-23,19.763,20.438,20.397,70800
2020-12-24,20.122,20.48,20.405,42600
2020-12-28,20.355,20.964,20.48,70000
2020-12-29,19.822,20.438,19.93,57700
2020-12-30,19.98,20.213,20.147,61400
2020-12-31,19.83,20.347,20.155,121800
2021-01-04,19.547,20.463,20.172,100300
2021-01-05,20.188,20.855,20.647,128500
2021-01-06,20.83,22.397,21.039,287700
2021-01-07,21.364,22.331,21.73,176400
2021-01-08,20.947,21.889,21.655,82400
2021-01-11,21.289,22.172,22.139,113800
2021-01-12,22.347,23.081,22.839,100500
2021-01-13,21.847,22.814,22.531,79200
2021-01-14,22.622,23.181,22.939,104700
2021-01-15,22.172,22.764,22.489,85700
2021-01-19,22.397,22.956,22.822,89200
2021-01-20,21.422,22.639,22.106,270200
2021-01-21,21.714,22.564,22.247,206900
2021-01-22,21.705,22.731,22.706,238600
2021-01-25,21.764,22.722,22.639,178700
2021-01-26,23.781,24.94,24.231,1082100
2021-01-27,22.889,24.039,23.081,474700
2021-01-28,22.447,23.439,23.197,444600
2021-01-29,20.288,23.889,20.363,3788300
2021-02-01,20.405,22.131,21.18,407000
2021-02-02,20.147,22.089,21.33,724900
2021-02-03,20.463,21.947,21.772,417000
2021-02-04,21.789,23.118,23.034,323000
2021-02-05,21.705,22.95,21.755,223600
2021-02-08,21.562,22.176,21.839,216700
2021-02-09,21.537,22.487,22.218,186900
2021-02-10,21.974,22.672,22.311,227900
2021-02-11,21.713,23.042,23.026,315500
2021-02-12,22.193,23.085,22.698,132300
2021-02-16,22.496,23.143,22.74,154900
2021-02-17,22.782,23.362,23.295,130600
2021-02-18,22.941,23.303,23.219,146100
2021-02-19,23.185,23.758,23.69,153300
2021-02-22,23.556,24.346,24.195,142700
2021-02-23,24.102,24.767,24.431,232200
2021-02-24,24.733,26.391,25.911,302700
2021-02-25,25.28,26.433,25.583,206400
2021-02-26,24.456,25.356,24.742,278500
2021-03-01,24.733,25.541,25.474,145900
2021-03-02,25.028,25.945,25.196,121600
2021-03-03,25.23,26.45,25.676,178200
2021-03-04,25.213,26.374,25.356,174000
2021-03-05,25.44,26.239,26.046,282900
2021-03-08,26.189,27.535,27.072,202100
2021-03-09,26.063,26.963,26.517,157400
2021-03-10,25.928,27.316,27.081,112700
2021-03-11,26.593,27.24,27.24,247000
2021-03-12,27.333,28.031,27.863,125100
2021-03-15,26.946,27.998,27.476,100900
2021-03-16,26.508,27.308,27.215,120500
2021-03-17,26.786,27.493,27.148,123300
2021-03-18,26.357,28.098,27.064,157500
2021-03-19,25.255,27.501,27.4,611800
2021-03-22,25.878,27.451,26.231,97300
2021-03-23,25.019,26.239,25.196,143200
2021-03-24,25.028,26.323,25.112,133200
2021-03-25,24.464,25.819,25.6,131800
2021-03-26,25.592,26.18,25.97,86900
2021-03-29,25.053,26.012,25.238,119600
2021-03-30,25.373,26.281,25.785,118900
2021-03-31,25.137,25.911,25.356,175200
2021-04-01,24.826,25.406,25.28,176100
2021-04-05,25.112,25.726,25.575,135900
2021-04-06,26.626,28.586,26.803,219400
2021-04-07,26.021,26.895,26.643,177800
2021-04-08,25.911,26.879,26.87,105600
2021-04-09,26.87,27.77,27.257,103500
2021-04-12,27.232,27.821,27.712,81700
2021-04-13,26.736,27.636,26.837,91700
2021-04-14,26.887,27.636,27.56,120200
2021-04-15,26.887,27.964,27.619,64600
2021-04-16,27.627,28.082,27.897,108800
2021-04-19,27.299,28.292,27.484,108800
2021-04-20,26.508,27.493,26.643,125600
2021-04-21,26.365,27.207,27.114,86700
2021-04-22,26.5,27.19,26.685,101800
2021-04-23,26.786,28.132,27.829,136500
2021-04-26,27.468,28.485,27.636,169600
2021-04-27,27.047,27.728,27.594,84100
2021-04-28,27.4,27.939,27.762,86600
2021-04-29,27.653,28.401,27.972,69600
2021-04-30,27.207,28.603,27.863,170200
2021-05-03,27.863,28.494,28.073,275400
2021-05-04,27.897,28.654,28.603,185000
2021-05-05,28.199,29.125,28.536,154400
2021-05-06,28.082,28.755,28.662,133300
2021-05-07,28.544,29.167,29.108,96200
2021-05-10,28.786,29.701,28.854,238600
2021-05-11,28.041,29.04,28.193,104400
2021-05-12,27.659,29.227,27.778,165800
2021-05-13,27.168,29.057,28.905,133400
2021-05-14,28.676,29.498,29.421,114000
2021-05-17,28.913,29.532,29.21,108000
2021-05-18,28.862,29.413,28.981,133700
2021-05-19,28.312,29.371,29.261,179300
2021-05-20,29.1,29.65,29.633,180500
2021-05-21,29.557,30.319,30.158,218200
2021-05-24,29.396,30.387,29.625,136600
2021-05-25,28.346,29.947,28.363,177800
2021-05-26,28.227,28.727,28.642,125400
2021-05-27,28.803,29.498,29.405,157900
2021-05-28,28.795,29.472,29.405,83600
2021-06-01,29.227,30.031,29.591,163200
2021-06-02,29.091,29.981,29.176,97900
2021-06-03,28.888,29.523,29.227,97800
2021-06-04,29.032,29.743,29.565,107200
2021-06-07,29.303,30.074,29.845,133700
2021-06-08,28.21,29.947,29.735,125800
2021-06-09,28.981,29.43,29.133,92400
2021-06-10,28.346,29.43,28.346,104500
2021-06-11,28.337,28.972,28.913,151200
2021-06-14,28.532,29.303,28.922,222200
2021-06-15,28.701,29.735,29.718,194600
2021-06-16,29.184,29.989,29.904,216700
2021-06-17,28.761,30.125,28.905,130800
2021-06-18,27.617,28.82,27.905,388400
2021-06-21,27.956,28.956,28.795,160000
2021-06-22,28.1,28.71,28.523,122900
2021-06-23,28.549,29.294,28.972,174100
2021-06-24,28.922,29.718,29.65,190000
2021-06-25,29.413,30.048,29.726,448700
2021-06-28,28.337,29.769,28.786,143400
2021-06-29,28.6,29.405,28.668,117500
2021-06-30,28.379,28.795,28.481,107800
2021-07-01,28.295,28.718,28.523,125700
2021-07-02,27.829,28.532,28.041,103400
2021-07-06,27.058,27.99,27.405,111100
2021-07-07,26.855,27.744,27.134,167900
2021-07-08,26.431,28.219,26.694,137700
2021-07-09,26.922,27.668,27.439,168400
2021-07-12,26.821,27.498,27.397,104000
2021-07-13,26.516,27.363,26.77,156100
2021-07-14,26.592,27.185,26.744,133500
2021-07-15,25.677,27.16,26.821,128200
2021-07-16,25.984,27.905,26.104,100300
2021-07-19,25.071,25.941,25.25,141400
2021-07-20,25.131,26.607,25.907,153500
2021-07-21,26.172,26.949,26.676,130000
2021-07-22,25.993,27.017,26.326,149000
2021-07-23,26.189,27.137,26.88,136000
2021-07-26,26.889,27.529,27.478,114300
2021-07-27,27.162,27.743,27.615,106900
2021-07-28,27.145,28.349,27.999,102000
2021-07-29,27.982,28.596,28.374,151300
2021-07-30,27.333,28.596,28.187,139500
2021-08-02,27.726,28.81,27.819,219400
2021-08-03,27.435,28.554,28.408,184900
2021-08-04,27.956,28.485,28.246,117400
2021-08-05,28.05,28.596,28.511,78700
2021-08-06,28.835,29.236,29.074,104800
2021-08-09,28.502,29.066,28.579,83600
2021-08-10,28.212,28.81,28.596,106000
2021-08-11,28.212,28.844,28.801,83700
2021-08-12,28.596,28.963,28.801,88200
2021-08-13,28.118,28.938,28.297,89200
2021-08-16,27.965,28.776,28.417,125000
2021-08-17,27.93,28.554,28.34,112700
2021-08-18,27.922,28.477,28.007,225200
2021-08-19,27.649,28.297,27.999,159600
2021-08-20,27.734,28.793,28.357,241200
2021-08-23,28.118,28.647,28.315,311400
2021-08-24,28.144,28.519,28.255,79200
2021-08-25,28.195,29.023,28.536,161100
2021-08-26,27.999,28.852,28.024,96700
2021-08-27,28.05,28.707,28.468,304900
2021-08-30,28.033,28.63,28.144,205800
2021-08-31,27.956,28.485,28.169,165500
2021-09-01,27.837,28.374,28.144,169900
2021-09-02,27.922,28.468,28.169,339900
2021-09-03,27.691,28.545,28.374,804100
2021-09-07,27.837,29.023,27.896,220300
2021-09-08,27.521,27.965,27.785,169000
2021-09-09,27.572,28.152,27.76,123600
2021-09-10,27.538,28.127,27.743,200500
2021-09-13,27.606,28.238,28.178,239100
2021-09-14,26.889,28.28,26.983,113300
2021-09-15,26.829,27.521,27.418,143200
2021-09-16,26.889,27.469,26.983,118600
2021-09-17,26.488,27.171,26.607,1251500
2021-09-20,24.943,26.249,26.189,188000
2021-09-21,25.72,26.377,25.771,73800
2021-09-22,25.822,26.368,26.095,122400
2021-09-23,26.223,27.009,26.744,91700
2021-09-24,26.633,27.341,26.966,86100
2021-09-27,27.034,28.417,28.161,144300
2021-09-28,27.657,28.502,27.717,107900
2021-09-29,27.64,28.383,28.016,103600
2021-09-30,27.879,28.408,27.879,118000
2021-10-01,27.999,29.032,28.699,209300
2021-10-04,28.579,29.066,28.886,134700
2021-10-05,28.793,29.194,29.006,139000
2021-10-06,28.434,29.023,28.997,82600
2021-10-07,27.837,29.527,29.501,125900
2021-10-08,29.117,29.843,29.569,69100
2021-10-11,29.134,29.928,29.16,79500
2021-10-12,29.049,29.689,29.621,84700
2021-10-13,28.912,29.791,29.433,78700
2021-10-14,29.356,29.928,29.894,115000
2021-10-15,29.877,30.375,29.902,125000
2021-10-18,29.627,30.152,29.705,70400
2021-10-19,29.404,29.997,29.773,92400
2021-10-20,29.541,30.22,30.169,74600
2021-10-21,29.739,30.22,29.748,103800
2021-10-22,29.705,30.134,29.963,80900
2021-10-25,29.644,30.427,30.366,112500
2021-10-26,29.92,30.375,29.988,97600
2021-10-27,29.266,29.842,29.275,123400
2021-10-28,29.326,29.894,29.73,91600
2021-10-29,30.195,30.951,30.667,248500
2021-11-01,30.934,32.043,31.991,259100
2021-11-02,31.802,32.318,32.034,145900
2021-11-03,31.845,32.833,32.679,120300
2021-11-04,31.527,32.679,31.733,102700
2021-11-05,31.914,32.713,32.567,93000
2021-11-08,32.103,32.962,32.507,50900
2021-11-09,31.845,32.73,32.575,85800
2021-11-10,32.232,32.765,32.404,60600
2021-11-11,32.275,32.825,32.644,55400
2021-11-12,31.896,32.661,32.206,58600
2021-11-15,31.871,32.283,32.034,70900
2021-11-16,31.733,32.214,32.043,68500
2021-11-17,31.278,31.982,31.535,80700
2021-11-18,31.123,31.544,31.501,106600
2021-11-19,30.642,31.449,31.166,74600
2021-11-22,31.381,32.378,31.51,112400
2021-11-23,31.664,32.008,31.699,97100
2021-11-24,31.458,31.81,31.613,48800
2021-11-26,29.559,30.839,30.212,117600
2021-11-29,29.859,31.097,29.937,108700
2021-11-30,29.344,29.894,29.481,170500
2021-12-01,29.129,30.607,29.206,153200
2021-12-02,29.051,30.59,29.902,295800
2021-12-03,29.421,30.409,29.541,190600
2021-12-06,29.799,30.418,29.945,221200
2021-12-07,29.644,30.358,29.739,114200
2021-12-08,29.318,29.902,29.473,119400
2021-12-09,28.88,29.369,29.086,120700
2021-12-10,28.742,29.283,28.871,116600
2021-12-13,28.072,28.914,28.243,296700
2021-12-14,28.218,29.043,28.355,265300
2021-12-15,28.286,28.957,28.69,271700
2021-12-16,28.467,29.507,28.776,306400
2021-12-17,28.02,29.301,28.433,1184700
2021-12-20,27.814,28.733,28.622,204800
2021-12-21,28.759,29.137,29.026,176000
2021-12-22,28.931,29.576,29.481,151100
2021-12-23,29.395,29.877,29.593,68500
2021-12-27,29.283,30.16,30.126,78600
2021-12-28,29.421,30.315,30.083,63600
2021-12-29,29.954,30.324,30.005,120700
2021-12-30,29.842,30.341,29.859,140700
2021-12-31,29.782,30.324,30.22,111700
2022-01-03,30.315,31.02,30.624,132100
2022-01-04,30.599,31.303,30.599,100100
2022-01-05,30.521,31.114,30.607,102800
2022-01-06,30.805,31.776,31.69,113800
2022-01-07,31.415,31.871,31.587,57300
2022-01-10,31.458,31.974,31.922,119800
2022-01-11,31.458,31.922,31.888,128200
2022-01-12,31.767,32.3,32.18,115700
2022-01-13,32.111,32.872,32.552,107900
2022-01-14,32.05,32.993,32.976,90000
2022-01-18,32.483,33.045,32.587,108500
2022-01-19,31.722,32.716,31.748,102100
2022-01-20,30.839,32.128,30.908,104500
2022-01-21,30.649,32.119,31.246,248200
2022-01-24,30.9,31.704,31.592,133600
2022-01-25,30.891,32.024,31.644,162800
2022-01-26,30.796,32.267,31.09,118900
2022-01-27,30.286,31.903,30.363,100100
2022-01-28,29.507,30.649,30.216,194500
2022-01-31,29.187,30.242,30.242,220800
2022-02-01,29.498,30.078,30.017,161700
2022-02-02,29.334,30.078,29.619,176600
2022-02-03,29.542,30.242,29.663,111000
2022-02-04,29.239,29.966,29.671,178500
2022-02-07,29.421,29.767,29.568,113700
2022-02-08,29.654,30.156,30.017,121700
2022-02-09,29.438,30.035,29.594,153400
2022-02-10,29.516,30.069,29.559,169300
2022-02-11,29.005,29.948,29.594,113900
2022-02-14,29.196,29.879,29.377,125400
2022-02-15,29.594,30.147,30.139,105200
2022-02-16,29.732,30.536,30.45,105900
2022-02-17,30.069,30.415,30.32,181600
2022-02-18,30.147,30.554,30.433,164800
2022-02-22,29.706,30.355,29.853,116700
2022-02-23,29.291,30.19,29.36,103400
2022-02-24,27.751,28.772,28.668,209600
2022-02-25,28.789,29.628,29.611,96000
2022-02-28,29.204,29.559,29.403,152800
2022-03-01,27.941,29.299,28.132,167900
2022-03-02,28.53,29.663,29.377,104400
2022-03-03,29.118,29.498,29.36,80100
2022-03-04,28.547,28.893,28.824,121900
2022-03-07,28.097,28.893,28.132,107400
2022-03-08,27.985,28.694,28.132,109800
2022-03-09,28.53,29.17,28.685,104200
2022-03-10,28.322,29.161,29.074,76000
2022-03-11,28.815,29.654,29.126,92100
2022-03-14,29.187,29.896,29.325,123900
2022-03-15,28.988,29.602,29.265,103800
2022-03-16,29.36,29.879,29.836,117900
2022-03-17,29.36,29.922,29.645,89900
2022-03-18,29.126,29.87,29.801,498600
2022-03-21,29.438,30.312,29.602,140500
2022-03-22,29.619,30.415,29.663,121100
2022-03-23,29.1,29.645,29.239,157700
2022-03-24,29.075,29.81,29.542,111300
2022-03-25,29.421,30.485,30.45,135000
2022-03-28,29.914,30.459,30.095,163100
2022-03-29,29.792,30.787,30.441,188300
2022-03-30,29.637,30.675,29.87,238200
2022-03-31,29.792,30.078,29.905,137700
2022-04-01,29.749,30.424,30.061,196400
2022-04-04,29.533,30.139,30.069,147500
2022-04-05,29.836,30.467,30.104,194400
2022-04-06,29.775,30.355,29.775,188300
2022-04-07,29.273,30.078,29.594,251300
2022-04-08,29.317,29.948,29.637,171000
2022-04-11,29.568,30.329,30.104,271500
2022-04-12,30.017,30.571,30.043,164700
2022-04-13,29.81,30.476,30.337,186600
2022-04-14,30.102,30.616,30.233,150000
2022-04-18,30.067,30.407,30.329,178800
2022-04-19,30.364,31.696,31.513,169200
2022-04-20,31.531,32.071,31.6,166700
2022-04-21,31.095,31.949,31.226,192900
2022-04-22,30.738,31.418,30.817,185600
2022-04-25,29.893,30.895,30.695,199000
2022-04-26,29.797,30.965,29.919,237400
2022-04-27,29.815,30.32,30.076,139400
2022-04-28,29.954,30.668,30.32,161900
2022-04-29,27.263,30.677,27.385,246200
2022-05-02,26.941,27.977,27.437,292700
2022-05-03,27.123,27.768,27.298,207900
2022-05-04,27.35,28.979,28.909,181600
2022-05-05,27.872,28.804,28.291,152600
2022-05-06,27.768,28.308,28.099,128000
2022-05-09,27.428,28.395,27.777,171700
2022-05-10,26.819,28.195,26.984,182600
2022-05-11,26.575,27.437,26.61,188400
2022-05-12,26.096,26.758,26.61,193600
2022-05-13,26.592,27.158,26.723,160400
2022-05-16,25.408,26.139,25.477,259300
2022-05-17,25.791,26.819,26.261,362300
2022-05-18,25.12,26.009,25.521,289400
2022-05-19,25.103,26.322,25.12,261200
2022-05-20,24.702,25.582,25.068,385900
2022-05-23,25.19,26.157,25.773,165000
2022-05-24,25.085,25.904,25.791,93600
2022-05-25,25.582,26.148,25.834,102200
2022-05-26,26.069,26.984,26.453,106500
2022-05-27,27.062,27.698,27.672,136000
2022-05-31,26.827,27.515,27.385,162300
2022-06-01,27.001,27.568,27.332,105400
2022-06-02,27.184,27.724,27.681,98200
2022-06-03,27.045,27.62,27.202,159600
2022-06-06,26.967,27.498,27.167,160000
2022-06-07,26.636,27.306,27.211,97700
2022-06-08,26.366,26.967,26.749,139900
2022-06-09,26.287,26.819,26.296,111600
2022-06-10,25.477,26.017,25.721,115200
2022-06-13,24.85,25.86,25.024,130700
2022-06-14,24.772,25.573,25.416,149400
2022-06-15,25.451,26.409,25.669,147800
2022-06-16,24.859,25.712,25.138,146100
2022-06-17,25.259,25.86,25.582,531000
2022-06-21,25.617,26.226,25.739,154600
2022-06-22,25.442,26.157,26.017,113700
2022-06-23,25.564,26.122,25.817,107600
2022-06-24,25.852,26.636,26.191,266700
2022-06-27,25.895,26.435,26.331,86900
2022-06-28,26.087,26.758,26.122,108300
2022-06-29,25.869,26.27,25.974,83100
2022-06-30,25.408,25.956,25.826,106400
2022-07-01,25.625,26.313,26.252,105500
2022-07-05,25.338,26.662,26.653,172300
2022-07-06,26.296,26.827,26.392,92000
2022-07-07,26.157,26.836,26.522,113700
2022-07-08,26.322,26.697,26.522,83900
2022-07-11,26.191,26.636,26.435,72100
2022-07-12,26.165,26.888,26.34,86600
2022-07-13,25.921,26.27,25.921,70200
2022-07-14,24.928,25.669,25.599,147400
2022-07-15,25.827,26.469,26.17,137800
2022-07-18,26.073,26.758,26.179,85900
2022-07-19,26.205,27.197,26.96,125400
2022-07-20,26.697,27.338,27.285,102700
2022-07-21,26.987,27.347,27.347,61300
2022-07-22,26.934,27.417,27.197,73600
2022-07-25,27.408,27.847,27.839,89900
2022-07-26,27.575,28.084,27.812,63800
2022-07-27,27.742,28.207,28.137,108900
2022-07-28,27.988,28.585,28.576,72800
2022-07-29,28.585,30.412,29.929,173700
2022-08-01,29.595,30.447,30.271,94500
2022-08-02,29.692,30.28,29.718,110600
2022-08-03,29.296,29.858,29.533,128400
2022-08-04,29.138,29.806,29.2,80800
2022-08-05,28.787,29.665,29.542,65600
2022-08-08,29.349,29.885,29.516,69600
2022-08-09,29.305,29.656,29.639,80200
2022-08-10,29.516,30.254,30.139,92100
2022-08-11,30.069,30.614,30.157,83300
2022-08-12,30.025,30.614,30.578,104900
2022-08-15,30.227,31.097,30.93,111700
2022-08-16,30.728,31.141,30.912,126400
2022-08-17,30.139,30.754,30.183,73300
2022-08-18,30.06,30.403,30.297,83100
2022-08-19,29.446,30.183,29.735,126200
2022-08-22,28.673,29.507,28.822,103700
2022-08-23,28.708,29.103,28.717,83800
2022-08-24,28.225,28.963,28.831,266000
2022-08-25,28.813,29.331,29.182,107800
2022-08-26,28.488,29.419,28.532,67900
2022-08-29,27.742,28.567,27.751,100500
2022-08-30,27.391,27.979,27.768,97900
2022-08-31,27.356,28.313,27.452,118900
2022-09-01,27.075,27.391,27.303,99300
2022-09-02,27.031,28.032,27.145,80200
2022-09-06,26.003,27.268,26.477,147600
2022-09-07,26.24,26.793,26.592,113400
2022-09-08,26.267,27.171,27.127,77600
2022-09-09,27.215,27.61,27.584,81900
2022-09-12,27.408,27.847,27.742,93100
2022-09-13,26.943,27.54,27.083,122400
2022-09-14,26.855,27.268,27.039,86300
2022-09-15,26.969,27.759,27.54,106900
2022-09-16,26.978,27.408,27.303,466200
2022-09-19,27.189,27.847,27.83,90900
2022-09-20,27.663,28.076,28.076,75300
2022-09-21,27.821,28.418,27.882,68700
2022-09-22,27.329,28.163,27.505,77400
2022-09-23,26.837,27.294,27.136,69600
2022-09-26,26.899,27.32,27.075,75800
2022-09-27,26.372,27.285,26.486,63000
2022-09-28,26.284,26.908,26.662,72600
2022-09-29,25.942,26.381,26.161,75000
2022-09-30,25.669,26.442,25.713,143300
2022-10-03,25.599,26.161,26.056,88200
2022-10-04,26.302,27.839,27.672,199200
2022-10-05,26.995,27.83,27.391,88300
2022-10-06,27.145,27.645,27.399,60100
2022-10-07,26.477,27.285,26.583,89000
2022-10-10,26.662,27.057,26.89,74100
2022-10-11,26.6,27.154,26.934,95400
2022-10-12,26.653,27.839,26.776,64000
2022-10-13,26.504,28.242,27.891,140300
2022-10-14,27.705,28.36,27.847,64000
2022-10-17,28.174,28.652,28.528,98200
2022-10-18,28.201,28.918,28.502,69800
2022-10-19,27.989,28.661,28.617,88500
2022-10-20,27.449,28.75,27.75,69500
2022-10-21,27.758,28.723,28.546,78000
2022-10-24,28.661,29.245,28.803,85100
2022-10-25,28.829,29.466,29.05,89900
2022-10-26,28.758,29.396,29.05,94500
2022-10-27,28.997,29.856,29.307,83000
2022-10-28,29.369,31.74,31.413,176500
2022-10-31,30.51,31.201,30.555,160900
2022-11-01,29.741,30.546,30.006,176000
2022-11-02,28.873,30.183,29.059,121900
2022-11-03,28.449,29.157,28.9,143000
2022-11-04,28.935,30.095,30.068,147700
2022-11-07,30.059,30.564,30.103,86700
2022-11-08,29.537,30.21,29.944,69600
2022-11-09,29.581,29.997,29.67,74300
2022-11-10,29.803,31.369,30.962,115800
2022-11-11,30.431,31.263,30.776,59500
2022-11-14,30.687,31.528,30.997,119300
2022-11-15,31.059,31.723,31.501,66900
2022-11-16,31.068,31.696,31.493,72500
2022-11-17,30.802,31.608,30.979,93100
2022-11-18,30.36,31.528,30.475,131000
2022-11-21,30.289,30.723,30.484,100700
2022-11-22,30.413,30.661,30.572,81600
2022-11-23,30.183,30.661,30.333,52300
2022-11-25,30.369,30.979,30.811,49100
2022-11-28,30.519,30.962,30.617,79100
2022-11-29,30.599,30.935,30.643,54500
2022-11-30,29.643,31.634,31.563,162400
2022-12-01,30.767,32.307,32.077,97100
2022-12-02,31.493,32.05,31.9,95100
2022-12-05,29.935,31.74,30.148,108000
2022-12-06,29.342,30.307,29.36,106300
2022-12-07,28.829,29.378,28.962,117700
2022-12-08,28.573,29.157,28.758,76900
2022-12-09,28.449,28.811,28.67,57500
2022-12-12,28.316,29.13,28.67,113700
2022-12-13,28.511,29.688,28.75,123800
2022-12-14,28.033,28.909,28.148,103100
2022-12-15,27.776,28.404,28.068,171700
2022-12-16,27.449,28.121,27.679,899200
2022-12-19,27.75,28.254,28.13,85400
2022-12-20,27.882,28.458,28.13,83400
2022-12-21,28.183,28.953,28.511,104800
2022-12-22,27.705,28.343,28.148,54900
2022-12-23,27.935,28.484,28.307,54500
2022-12-27,28.104,28.75,28.511,46200
2022-12-28,28.166,28.679,28.166,66300
2022-12-29,28.298,28.723,28.555,65900
2022-12-30,28.042,28.528,28.166,64700
2023-01-03,27.997,28.511,28.183,93100
2023-01-04,28.042,29.688,28.351,110000
2023-01-05,27.758,28.723,27.944,64300
2023-01-06,28.236,28.794,28.794,58500
2023-01-09,28.281,29.183,28.475,90600
2023-01-10,27.98,28.661,28.369,127400
2023-01-11,28.369,29.033,28.696,107400
2023-01-12,28.856,29.546,29.413,79600
2023-01-13,28.165,29.725,29.636,73000
2023-01-17,29.271,29.663,29.511,54100
2023-01-18,28.664,29.369,28.664,74100
2023-01-19,28.13,28.896,28.727,71800
2023-01-20,28.709,29.342,29.297,111600
2023-01-23,29.021,29.583,29.422,67300
2023-01-24,29.137,29.868,29.235,65200
2023-01-25,28.647,29.083,29.003,53000
2023-01-26,28.656,29.066,28.905,77300
2023-01-27,25.991,28.566,26.695,283400
2023-01-30,26.472,27.105,26.525,109700
2023-01-31,26.49,27.247,26.579,151200
2023-02-01,26.516,27.559,27.274,134600
2023-02-02,27.194,28.228,27.533,191900
2023-02-03,27.319,28.37,28.255,174500
2023-02-06,27.657,28.397,27.791,129400
2023-02-07,27.345,28.165,28.005,150100
2023-02-08,27.666,28.103,28.085,75800
2023-02-09,27.639,28.504,27.693,151200
2023-02-10,27.631,28.763,28.477,133100
2023-02-13,28.005,28.665,28.085,158700
2023-02-14,27.488,28.165,27.515,119500
2023-02-15,27.229,28.156,28.139,74100
2023-02-16,26.748,28.094,27.497,81500
2023-02-17,27.426,27.746,27.684,141800
2023-02-21,26.971,27.506,26.971,96700
2023-02-22,26.748,27.39,26.971,134500
2023-02-23,26.989,27.256,27.051,99700
2023-02-24,26.392,26.873,26.659,102700
2023-02-27,26.418,27.283,27.185,248900
2023-02-28,27.131,27.853,27.31,133000
2023-03-01,27.131,27.452,27.336,166600
2023-03-02,26.98,27.506,27.292,99300
2023-03-03,27.051,28.032,27.862,270100
2023-03-06,26.998,28.219,27.274,162000
2023-03-07,26.641,27.185,26.739,117200
2023-03-08,26.713,27.016,26.918,96900
2023-03-09,25.884,26.926,26.338,284900
2023-03-10,24.725,26.213,25.598,473800
2023-03-13,19.279,23.023,20.571,891600
2023-03-14,21.98,23.531,22.292,465600
2023-03-15,20.678,21.855,21.703,287200
2023-03-16,21.222,23.014,22.488,268500
2023-03-17,21.053,22.408,21.293,594100
2023-03-20,20.928,22.408,20.999,247600
2023-03-21,21.596,22.381,22.096,224300
2023-03-22,20.714,22.158,20.767,286400
2023-03-23,20.42,21.195,20.438,230600
2023-03-24,20.081,21.079,20.91,248900
2023-03-27,20.937,21.391,20.973,145400
2023-03-28,20.607,21.516,20.91,127100
2023-03-29,20.322,21.097,20.759,176500
2023-03-30,20.037,20.901,20.126,113800
2023-03-31,19.939,20.429,20.251,241600
2023-04-03,19.876,20.473,20.152,188300
2023-04-04,18.896,20.322,19.199,189000
2023-04-05,18.717,19.386,19.199,155100
2023-04-06,19.101,19.529,19.226,146600
2023-04-10,19.056,19.591,19.413,305500
2023-04-11,19.163,19.591,19.199,92000
2023-04-12,18.691,19.511,18.744,117200
2023-04-13,18.611,19.163,19.038,177400
2023-04-14,18.569,19.309,18.669,181100
2023-04-17,18.443,19.354,19.327,186100
2023-04-18,18.416,19.327,18.551,163900
2023-04-19,18.443,19.056,18.93,134900
2023-04-20,18.443,18.939,18.624,258300
2023-04-21,18.272,18.768,18.434,91700
2023-04-24,18.308,18.624,18.434,127600
2023-04-25,17.298,18.263,17.343,140600
2023-04-26,16.91,17.875,17.262,158700
2023-04-27,17.424,17.848,17.613,145600
2023-04-28,18.443,19.751,18.578,206300
2023-05-01,17.767,18.605,17.911,265200
2023-05-02,16.197,17.866,16.486,263700
2023-05-03,16.279,16.928,16.378,233900
2023-05-04,14.998,16.134,15.954,273100
2023-05-05,16.107,16.982,16.423,230100
2023-05-08,15.801,16.739,15.855,145400
2023-05-09,15.043,15.864,15.323,250300
2023-05-10,14.782,16.089,14.935,178000
2023-05-11,14.466,14.98,14.511,161100
2023-05-12,14.123,14.619,14.24,306900
2023-05-15,14.222,14.845,14.502,246300
2023-05-16,14.042,15.007,14.051,241500
2023-05-17,14.258,15.269,15.106,412900
2023-05-18,14.935,15.855,15.701,465200
2023-05-19,15.287,16.207,15.314,461600
2023-05-22,15.242,15.945,15.765,313500
2023-05-23,15.729,16.513,16.234,325100
2023-05-24,15.738,16.143,15.783,236900
2023-05-25,15.377,15.738,15.431,201400
2023-05-26,15.124,15.566,15.44,228300
2023-05-30,14.971,15.593,15.323,157300
2023-05-31,14.484,15.251,14.61,246100
2023-06-01,14.448,15.142,14.827,221300
2023-06-02,14.863,15.855,15.765,377700
2023-06-05,15.106,15.747,15.332,208100
2023-06-06,15.187,16.54,16.306,311600
2023-06-07,16.225,17.343,17.226,330300
2023-06-08,16.63,17.117,16.991,226100
2023-06-09,16.675,16.991,16.829,147700
2023-06-12,16.558,17.144,16.657,190100
2023-06-13,16.414,17.361,17.253,239000
2023-06-14,16.441,17.415,16.549,198800
2023-06-15,16.369,16.865,16.73,150200
2023-06-16,16.315,16.847,16.666,607000
2023-06-20,16.152,16.603,16.225,168200
2023-06-21,15.909,16.351,16.071,112600
2023-06-22,15.539,16.035,15.891,314600
2023-06-23,15.557,15.936,15.882,687500
2023-06-26,15.837,16.333,15.864,172500
2023-06-27,15.566,16.36,16.161,210600
2023-06-28,15.9,16.134,16.089,154600
2023-06-29,16.035,16.576,16.225,200700
2023-06-30,15.774,16.558,15.9,204500
2023-07-03,15.891,16.432,16.387,75700
2023-07-05,15.701,16.324,15.972,182000
2023-07-06,15.485,15.873,15.674,127100
2023-07-07,15.665,16.324,16.143,247300
2023-07-10,16.098,16.703,16.207,261900
2023-07-11,16.143,16.603,16.54,151000
2023-07-12,16.739,17.244,16.892,163100
2023-07-13,16.937,17.433,17.424,238000
2023-07-14,16.995,17.543,17.159,163500
2023-07-17,17.095,17.826,17.726,171900
2023-07-18,17.497,18.594,18.566,182900
2023-07-19,18.393,19.224,19.105,153100
2023-07-20,18.621,19.306,19.023,174600
2023-07-21,18.731,19.251,18.767,137300
2023-07-24,18.703,19.516,19.489,133700
2023-07-25,19.169,19.617,19.261,149000
2023-07-26,19.498,20.394,20.247,148400
2023-07-27,19.69,20.558,19.79,156300
2023-07-28,20.22,21.234,20.631,151000
2023-07-31,20.302,20.978,20.467,155100
2023-08-01,19.873,20.43,20.165,111200
2023-08-02,19.818,20.796,20.704,253800
2023-08-03,20.457,20.987,20.805,113000
2023-08-04,20.613,20.896,20.741,149900
2023-08-07,20.64,21.526,21.417,176500
2023-08-08,20.266,21.198,21.134,175600
2023-08-09,20.759,21.216,21.033,131100
2023-08-10,20.96,21.417,21.024,112900
2023-08-11,20.631,21.344,21.243,88100
2023-08-14,20.558,21.143,21.024,163700
2023-08-15,20.211,20.841,20.22,134000
2023-08-16,19.79,20.348,19.864,114900
2023-08-17,19.909,20.494,20.403,108200
2023-08-18,19.818,20.604,20.412,157000
2023-08-21,20.028,20.485,20.266,110700
2023-08-22,19.617,20.558,19.672,172700
2023-08-23,19.398,19.864,19.599,111900
2023-08-24,19.48,19.955,19.745,115200
2023-08-25,19.023,19.873,19.279,70700
2023-08-28,19.352,19.781,19.553,78000
2023-08-29,19.48,19.736,19.589,80900
2023-08-30,19.398,19.937,19.8,491300
2023-08-31,19.105,19.891,19.471,133400
2023-09-01,19.663,20.394,20.348,124600
2023-09-05,19.8,20.394,19.818,116400
2023-09-06,19.206,19.827,19.388,123500
2023-09-07,18.767,19.443,18.849,207700
2023-09-08,18.548,18.959,18.849,243200
2023-09-11,18.53,19.142,18.566,122700
2023-09-12,18.539,18.895,18.831,125900
2023-09-13,18.703,19.544,18.749,147000
2023-09-14,18.804,19.261,19.224,145000
2023-09-15,18.795,19.261,18.859,531600
2023-09-18,18.073,18.886,18.21,134700
2023-09-19,18.0,18.913,18.027,129500
2023-09-20,17.881,18.548,17.899,106500
2023-09-21,17.561,18.036,17.853,180300
2023-09-22,17.506,18.164,17.662,91800
2023-09-25,17.543,18.073,18.045,91000
2023-09-26,17.771,18.329,17.881,98000
2023-09-27,17.826,18.173,17.89,80900
2023-09-28,17.963,18.411,18.137,234000
2023-09-29,18.146,18.603,18.237,162600
2023-10-02,17.826,18.246,18.009,146200
2023-10-03,17.278,17.954,17.387,154300
2023-10-04,17.186,17.799,17.78,214000
2023-10-05,17.698,18.201,18.155,133200
2023-10-06,17.442,18.073,17.853,370600
2023-10-09,17.707,18.393,18.365,103600
2023-10-10,18.484,19.014,18.685,91300
2023-10-11,18.566,19.151,18.785,67100
2023-10-12,18.237,18.804,18.393,132000
2023-10-13,17.945,18.968,17.972,103700
2023-10-16,18.037,18.629,18.537,124300
2023-10-17,18.518,19.388,19.203,190100
2023-10-18,18.25,18.999,18.324,110500
2023-10-19,17.778,18.842,17.778,167200
2023-10-20,16.751,18.102,16.797,256400
2023-10-23,16.454,17.139,16.704,154500
2023-10-24,16.353,17.51,16.603,114100
2023-10-25,16.334,16.704,16.566,122400
2023-10-26,16.649,17.482,17.361,188400
2023-10-27,16.473,17.352,16.788,109600
2023-10-30,16.862,17.158,17.01,93100
2023-10-31,16.834,17.167,17.019,82500
2023-11-01,16.889,17.445,17.343,97100
2023-11-02,17.602,18.296,18.25,106800
2023-11-03,17.787,19.62,19.314,141900
2023-11-06,18.602,19.508,19.296,116700
2023-11-07,18.879,19.286,19.009,85700
2023-11-08,18.268,19.037,18.537,88500
2023-11-09,17.935,18.713,18.056,90300
2023-11-10,17.833,18.259,17.963,115100
2023-11-13,17.815,18.472,17.963,96000
2023-11-14,18.814,19.999,19.62,242400
2023-11-15,19.194,19.731,19.434,175200
2023-11-16,18.685,19.499,18.999,156300
2023-11-17,19.111,19.508,19.24,124900
2023-11-20,19.064,19.481,19.351,83800
2023-11-21,18.639,19.37,18.639,52900
2023-11-22,18.694,19.148,18.916,141300
2023-11-24,18.907,19.166,18.981,29600
2023-11-27,18.62,18.953,18.629,58900
2023-11-28,18.342,18.713,18.509,69300
2023-11-29,18.805,19.268,18.953,129700
2023-11-30,18.546,19.101,18.602,92300
2023-12-01,18.416,20.295,20.24,149600
2023-12-04,19.416,20.961,20.915,134700
2023-12-05,20.295,20.813,20.369,106900
2023-12-06,20.314,21.378,20.471,143900
2023-12-07,20.443,21.452,21.322,109400
2023-12-08,21.285,21.868,21.757,126400
2023-12-11,21.48,21.905,21.646,117900
2023-12-12,21.285,21.748,21.433,93800
2023-12-13,21.461,23.442,23.386,243800
2023-12-14,24.025,24.895,24.349,259900
2023-12-15,23.821,24.7,23.821,1220100
2023-12-18,23.608,24.275,23.664,134400
2023-12-19,23.738,24.598,24.404,147100
2023-12-20,24.034,25.283,24.062,233300
2023-12-21,24.126,24.534,24.423,166500
2023-12-22,24.561,24.932,24.839,117000
2023-12-26,24.839,25.7,25.552,105600
2023-12-27,25.413,25.829,25.478,116600
2023-12-28,25.191,25.755,25.357,96300
2023-12-29,24.922,25.357,24.922,103000
2024-01-02,24.691,25.431,25.033,107100
2024-01-03,23.849,24.802,23.877,170900
2024-01-04,23.673,24.247,24.006,186800
2024-01-05,23.877,24.432,24.099,268400
2024-01-08,23.867,24.395,24.154,113200
2024-01-09,23.46,23.867,23.701,176600
2024-01-10,23.229,23.821,23.784,130200
2024-01-11,23.062,23.812,23.784,160900
2024-01-12,23.469,24.145,23.617,299100
2024-01-16,22.776,23.431,22.804,172200
2024-01-17,22.3,22.776,22.711,147800
2024-01-18,22.318,22.804,22.468,181900
2024-01-19,22.216,23.103,22.973,221600
2024-01-22,23.253,24.01,23.991,291500
2024-01-23,23.337,24.206,23.711,155500
2024-01-24,23.515,24.29,23.608,197400
2024-01-25,23.244,24.103,23.421,218800
2024-01-26,21.739,23.318,22.328,292300
2024-01-29,22.393,23.188,23.122,198800
2024-01-30,22.898,23.272,23.141,129500
2024-01-31,21.272,22.533,21.318,350900
2024-02-01,19.655,21.748,20.402,607900
2024-02-02,19.776,20.262,20.01,454500
2024-02-05,19.393,19.851,19.589,253000
2024-02-06,18.169,19.888,18.253,474500
2024-02-07,16.627,18.402,17.608,495600
2024-02-08,17.393,18.029,18.029,315500
2024-02-09,17.458,18.15,18.131,501000
2024-02-12,18.01,18.72,18.421,405300
2024-02-13,16.608,17.776,16.944,460200
2024-02-14,16.926,17.412,17.094,235800
2024-02-15,17.103,18.169,18.169,366300
2024-02-16,17.589,18.43,18.281,272900
2024-02-20,17.916,18.402,18.019,182400
2024-02-21,17.636,18.019,17.804,154800
2024-02-22,17.421,18.019,17.823,220800
2024-02-23,17.543,18.178,17.832,199800
2024-02-26,17.141,17.851,17.337,262100
2024-02-27,17.187,17.739,17.187,220400
2024-02-28,16.963,17.505,17.187,137700
2024-02-29,17.384,17.926,17.515,137100
2024-03-01,16.692,17.571,17.552,211100
2024-03-04,16.309,17.972,16.356,478800
2024-03-05,16.159,17.318,17.141,422200
2024-03-06,16.645,17.776,17.234,341700
2024-03-07,17.169,17.673,17.272,171500
2024-03-08,17.225,17.636,17.421,206300
2024-03-11,17.038,17.58,17.281,144200
2024-03-12,16.814,17.187,16.926,172600
2024-03-13,16.879,17.991,17.309,273700
2024-03-14,16.533,17.215,16.767,360000
2024-03-15,16.72,17.178,16.944,613600
2024-03-18,16.58,17.075,16.963,202700
2024-03-19,16.729,17.075,16.757,167600
2024-03-20,16.599,17.972,17.729,209700
2024-03-21,17.729,18.328,18.085,288600
2024-03-22,17.393,18.122,17.44,170000
2024-03-25,17.29,17.701,17.356,108400
2024-03-26,17.029,17.571,17.215,112300
2024-03-27,17.262,18.029,18.029,298400
2024-03-28,17.72,18.159,18.001,205500
2024-04-01,17.197,18.038,17.374,182300
2024-04-02,16.823,17.3,17.122,390700
2024-04-03,16.991,17.393,17.113,226700
2024-04-04,16.851,17.589,16.991,390200
2024-04-05,16.552,17.215,17.178,187200
2024-04-08,17.159,17.776,17.524,173200
2024-04-09,17.608,18.458,18.412,325400
2024-04-10,16.926,18.038,17.131,471400
2024-04-11,16.748,17.365,17.122,146800
2024-04-12,16.832,17.3,17.3,172400
2024-04-15,16.888,17.561,17.15,277500
2024-04-16,16.743,17.159,17.065,173300
2024-04-17,16.771,17.235,16.799,332400
2024-04-18,16.676,17.046,16.894,190100
2024-04-19,16.743,17.747,17.7,254300
2024-04-22,17.671,18.192,18.069,215400
2024-04-23,17.832,19.642,18.41,357700
2024-04-24,18.003,18.931,18.372,190100
2024-04-25,17.387,18.325,17.567,267200
2024-04-26,17.557,18.135,18.079,160100
2024-04-29,17.719,18.23,17.766,177200
2024-04-30,17.235,17.766,17.245,154700
2024-05-01,17.463,18.334,17.965,181700
2024-05-02,18.003,18.372,18.306,105700
2024-05-03,18.249,18.95,18.382,212700
2024-05-06,18.439,18.77,18.694,131300
2024-05-07,18.477,19.045,18.524,121500
2024-05-08,18.297,18.95,18.789,118600
2024-05-09,18.742,19.168,19.083,134700
2024-05-10,18.685,19.443,18.846,99700
2024-05-13,18.685,19.187,18.713,113000
2024-05-14,18.609,19.159,18.799,103100
2024-05-15,18.685,19.216,18.799,88200
2024-05-16,18.6,18.893,18.751,83600
2024-05-17,18.78,19.244,18.941,118700
2024-05-20,18.78,19.367,18.789,127400
2024-05-21,18.638,19.007,18.685,78100
2024-05-22,18.363,18.827,18.581,93700
2024-05-23,17.851,18.6,17.87,212200
2024-05-24,17.709,18.098,17.785,152800
2024-05-28,17.567,18.079,17.643,138100
2024-05-29,17.027,17.756,17.216,155200
2024-05-30,17.377,17.652,17.425,136300
2024-05-31,17.396,17.737,17.501,139300
2024-06-03,17.027,17.775,17.046,147900
2024-06-04,16.705,16.97,16.78,150900
2024-06-05,16.705,17.264,17.235,121500
2024-06-06,16.951,17.444,17.302,108700
2024-06-07,16.989,17.33,17.283,121700
2024-06-10,16.733,17.226,17.159,260900
2024-06-11,16.961,17.302,17.131,157300
2024-06-12,17.529,18.429,17.88,251800
2024-06-13,17.15,17.87,17.254,388800
2024-06-14,16.771,17.169,17.027,180800
2024-06-17,16.572,17.387,17.34,212800
2024-06-18,17.349,17.794,17.51,101200
2024-06-20,17.235,17.775,17.52,129300
2024-06-21,17.292,17.576,17.434,540800
2024-06-24,17.491,18.116,17.766,148900
2024-06-25,17.567,18.003,17.88,214700
2024-06-26,17.69,18.297,18.202,238700
2024-06-27,18.079,19.111,18.979,299500
2024-06-28,19.197,19.708,19.329,505100
2024-07-01,18.742,19.452,19.036,186300
2024-07-02,19.083,19.708,19.604,147800
2024-07-03,18.704,19.604,18.732,156600
2024-07-05,18.448,18.979,18.581,143900
2024-07-08,18.353,18.837,18.685,112100
2024-07-09,18.477,18.979,18.922,93300
2024-07-10,18.979,19.424,19.415,132300
2024-07-11,19.689,20.694,20.533,227100
2024-07-12,20.495,21.025,20.694,283900
2024-07-15,21.035,22.068,21.859,389800
2024-07-16,22.143,22.977,22.92,369200
2024-07-17,22.336,23.725,23.552,286000
2024-07-18,22.624,23.763,22.805,312000
2024-07-19,22.748,23.466,22.863,255400
2024-07-22,22.384,23.15,22.834,286400
2024-07-23,21.532,24.558,23.686,646000
2024-07-24,22.892,24.194,22.93,251200
2024-07-25,22.193,23.983,23.811,481200
2024-07-26,23.485,24.347,24.337,201200
2024-07-29,23.581,24.452,23.705,204400
2024-07-30,23.638,24.222,24.184,211100
2024-07-31,23.801,25.189,24.203,253300
2024-08-01,22.403,24.289,22.633,256000
2024-08-02,21.034,22.107,22.059,386000
2024-08-05,20.613,22.135,21.685,330400
2024-08-06,21.025,21.81,21.149,221200
2024-08-07,20.872,21.704,20.958,258400
2024-08-08,20.948,21.465,21.446,154900
2024-08-09,21.053,21.676,21.254,182100
2024-08-12,20.881,21.523,21.034,133100
2024-08-13,20.843,21.369,21.312,137100
2024-08-14,20.862,21.408,21.14,84800
2024-08-15,21.542,22.193,21.992,141700
2024-08-16,21.925,22.758,22.432,85800
2024-08-19,22.154,22.748,22.595,93100
2024-08-20,21.963,22.662,21.973,107000
2024-08-21,21.896,22.26,22.26,90800
2024-08-22,21.982,22.691,22.212,67900
2024-08-23,22.518,24.309,24.031,209600
2024-08-26,23.907,24.318,24.175,137300
2024-08-27,23.533,23.954,23.792,196800
2024-08-28,23.744,24.481,24.309,215800
2024-08-29,24.021,24.845,24.672,173100
2024-08-30,24.462,24.988,24.902,154900
2024-09-03,24.289,25.161,24.481,226800
2024-09-04,24.261,24.787,24.768,345400
2024-09-05,24.05,25.266,24.213,372400
2024-09-06,23.792,24.634,23.811,229500
2024-09-09,23.533,24.012,23.715,166400
2024-09-10,23.236,23.954,23.83,216400
2024-09-11,22.624,23.533,23.428,135900
2024-09-12,22.92,24.012,23.734,184400
2024-09-13,24.088,24.692,24.634,140500
2024-09-16,24.337,25.142,24.902,145600
2024-09-17,25.716,27.966,27.526,552900
2024-09-18,26.865,28.406,27.363,280000
2024-09-19,27.707,28.837,28.627,366800
2024-09-20,27.765,28.627,27.822,654100
2024-09-23,26.97,27.87,27.315,196400
2024-09-24,26.76,27.535,26.798,180900
2024-09-25,26.482,26.846,26.616,173400
2024-09-26,26.52,27.238,26.798,148800
2024-09-27,26.731,27.602,26.894,180600
2024-09-30,26.865,27.899,27.573,203300
2024-10-01,26.195,27.449,26.357,144000
2024-10-02,26.338,26.999,26.424,83900
2024-10-03,26.099,26.76,26.76,126600
2024-10-04,26.855,27.583,26.961,144500
2024-10-07,26.281,26.865,26.501,84100
2024-10-08,26.233,26.807,26.415,110800
2024-10-09,26.156,26.941,26.683,119600
2024-10-10,26.252,26.846,26.779,151500
2024-10-11,27.018,28.301,28.301,193800
2024-10-14,28.014,29.096,28.99,182800
2024-10-15,28.99,30.225,29.297,249100
2024-10-16,29.584,30.398,30.015,260400
2024-10-17,29.378,30.42,30.353,207600
2024-10-18,29.503,30.43,29.59,185000
2024-10-21,28.123,29.6,28.191,216900
2024-10-22,27.148,28.316,28.152,207000
2024-10-23,27.699,29.108,29.088,238600
2024-10-24,28.21,29.6,29.474,249400
2024-10-25,28.451,30.092,28.5,200200
2024-10-28,28.818,29.967,29.774,168600
2024-10-29,29.397,29.783,29.764,146100
2024-10-30,29.745,30.69,29.764,127100
2024-10-31,29.001,29.918,29.021,116000
2024-11-01,28.693,29.677,28.76,151900
2024-11-04,28.065,29.127,28.654,142000
2024-11-05,28.403,29.204,29.098,91600
2024-11-06,30.961,33.952,33.451,724300
2024-11-07,31.636,33.412,31.897,314000
2024-11-08,31.752,32.485,32.273,287000
2024-11-11,32.65,33.981,33.229,205700
2024-11-12,32.148,32.968,32.379,1296200
2024-11-13,32.37,33.508,32.582,756800
2024-11-14,32.37,33.286,32.669,361000
2024-11-15,31.906,33.113,32.524,345000
2024-11-18,32.64,34.792,34.059,433900
2024-11-19,33.267,34.184,33.586,257400
2024-11-20,32.736,33.479,33.479,249600
2024-11-21,33.402,34.503,33.779,529300
2024-11-22,33.923,35.226,35.053,557200
2024-11-25,34.879,36.288,35.091,455600
2024-11-26,33.46,35.12,34.753,261800
2024-11-27,34.628,35.612,34.647,252000
2024-11-29,34.271,35.159,34.628,124900
2024-12-02,34.107,35.4,35.091,341300
2024-12-03,34.3,35.699,34.58,220500
2024-12-04,34.338,35.333,35.313,199500
2024-12-05,34.358,35.834,34.58,181800
2024-12-06,34.126,34.908,34.638,139900
2024-12-09,34.068,35.149,34.107,236100
2024-12-10,33.499,34.531,33.586,310800
2024-12-11,33.219,34.145,33.769,473600
2024-12-12,33.306,34.541,33.344,222200
2024-12-13,32.312,33.412,33.132,320900
2024-12-16,32.852,33.798,33.586,261700
2024-12-17,32.582,33.875,32.775,237500
2024-12-18,30.835,33.769,30.922,378700
2024-12-19,30.169,32.051,30.314,378500
2024-12-20,29.542,31.318,30.237,1935500
2024-12-23,29.831,31.134,30.005,224200
2024-12-24,29.725,31.347,30.188,141700
2024-12-26,29.774,30.439,30.266,181400
2024-12-27,29.31,30.449,29.6,179500
2024-12-30,29.223,29.995,29.59,163300
2024-12-31,29.407,29.995,29.667,195100
2025-01-02,29.262,29.957,29.272,235300
2025-01-03,28.818,29.841,29.812,256100
2025-01-06,29.716,30.565,30.053,338200
2025-01-07,28.789,30.227,29.465,485200
2025-01-08,29.001,30.517,30.217,394600
2025-01-10,27.65,29.967,28.557,427800
2025-01-13,28.114,28.934,28.857,299600
2025-01-14,28.953,30.391,30.16,406200
2025-01-15,30.642,31.588,31.125,288200
2025-01-16,30.623,31.144,30.932,222400
2025-01-17,30.679,31.408,31.087,225800
2025-01-21,31.146,31.972,31.35,284200
2025-01-22,30.329,31.593,30.883,355500
2025-01-23,29.55,32.147,30.153,979100
2025-01-24,29.667,31.126,29.969,555900
2025-01-27,29.716,30.708,30.144,279700
2025-01-28,29.356,30.212,29.939,232900
2025-01-29,29.589,30.533,30.095,255200
2025-01-30,29.725,30.679,29.998,171300
2025-01-31,29.803,30.611,30.377,288200
2025-02-03,28.257,30.309,29.959,215300
2025-02-04,29.842,31.165,31.136,140400
2025-02-05,30.63,32.332,32.245,285600
2025-02-06,32.002,33.072,32.965,187600
2025-02-07,31.681,32.974,31.846,310300
2025-02-10,31.253,32.157,31.758,275600
2025-02-11,31.476,32.225,31.934,376900
2025-02-12,30.046,31.379,30.085,336200
2025-02-13,29.667,30.338,30.309,310900
2025-02-14,29.375,30.98,30.484,168900
2025-02-18,29.716,31.243,30.883,199500
2025-02-19,29.725,30.737,30.591,372300
2025-02-20,29.589,30.659,30.27,202300
2025-02-21,29.657,30.65,29.755,252500
2025-02-24,29.434,30.543,29.628,263400
2025-02-25,29.677,30.426,29.823,314200
2025-02-26,29.346,30.543,29.755,200200
2025-02-27,29.55,30.513,29.687,170300
2025-02-28,29.803,30.484,30.153,272900
2025-03-03,29.356,30.62,29.511,186000
2025-03-04,28.218,29.735,28.607,245400
2025-03-05,27.8,29.161,28.315,176800
2025-03-06,27.576,28.189,27.955,252000
2025-03-07,27.089,28.587,27.663,230300
2025-03-10,26.243,27.294,26.311,340500
2025-03-11,25.961,26.837,26.331,262100
2025-03-12,26.37,27.021,26.798,231700
2025-03-13,26.584,27.819,26.593,238300
2025-03-14,26.817,27.556,27.235,190400
2025-03-17,27.177,28.004,27.566,314400
2025-03-18,27.08,27.741,27.44,191300
2025-03-19,27.158,28.373,27.595,358600
2025-03-20,27.352,27.916,27.469,160600
2025-03-21,27.06,27.556,27.167,1203500
2025-03-24,27.566,28.519,27.877,333200
2025-03-25,27.235,28.121,27.488,246600
2025-03-26,27.109,28.023,27.42,180900
2025-03-27,27.06,27.741,27.459,169200
2025-03-28,26.555,27.576,26.895,185900
2025-03-31,26.399,27.196,27.119,181000
2025-04-01,26.555,27.624,27.226,258300
2025-04-02,26.778,27.877,27.858,225500
2025-04-03,25.066,26.506,25.095,327800
2025-04-04,23.374,24.629,24.483,403700
2025-04-07,23.442,26.029,24.385,449400
2025-04-08,23.549,25.485,23.957,385500
2025-04-09,22.907,25.65,24.93,1120900
2025-04-10,22.956,24.415,23.51,471800
2025-04-11,22.615,23.617,23.413,385000
2025-04-14,23.208,24.055,23.821,307700
2025-04-15,24.259,24.959,24.492,369600
2025-04-16,24.259,24.881,24.677,243700
2025-04-17,24.608,25.07,24.766,255400
2025-04-21,23.98,24.844,24.677,238700
2025-04-22,24.039,25.581,25.365,362000
2025-04-23,24.599,26.337,25.355,453600
2025-04-24,24.51,25.61,25.561,506600
2025-04-25,24.903,25.601,25.168,243800
2025-04-28,24.825,25.385,25.168,314700
2025-04-29,24.982,25.768,25.62,172900
2025-04-30,24.825,25.463,25.237,237700
2025-05-01,25.1,25.66,25.414,202400
2025-05-02,25.65,26.239,26.18,185000
2025-05-05,25.827,26.416,26.013,143600
2025-05-06,25.463,26.053,25.738,155100
2025-05-07,25.571,26.19,25.65,166800
2025-05-08,25.758,26.445,26.102,271100
2025-05-09,26.043,26.337,26.111,236000
2025-05-12,26.838,27.487,26.888,383000
2025-05-13,26.868,27.261,27.025,212900
2025-05-14,26.73,27.222,26.76,155500
2025-05-15,26.681,27.055,26.819,151900
2025-05-16,26.524,26.878,26.74,245500
2025-05-19,26.151,26.475,26.298,167400
2025-05-20,26.161,26.878,26.269,131400
2025-05-21,25.129,26.003,25.178,143600
2025-05-22,24.775,25.335,24.785,186900
2025-05-23,24.137,24.982,24.844,157400
2025-05-27,24.658,25.542,25.404,168400
2025-05-28,25.011,25.502,25.139,226000
2025-05-29,24.893,25.385,25.286,147100
2025-05-30,24.942,25.385,25.208,159900
2025-06-02,24.55,25.139,24.982,216300
2025-06-03,24.667,25.719,25.61,261700
2025-06-04,25.296,25.699,25.316,287700
2025-06-05,24.992,25.502,25.365,195900
2025-06-06,25.61,26.504,26.475,267900
2025-06-09,26.445,26.956,26.711,331800
2025-06-10,26.642,27.163,27.114,196100
2025-06-11,26.829,27.467,26.917,163500
2025-06-12,26.475,26.897,26.848,177300
2025-06-13,25.709,26.455,25.758,174400
2025-06-16,25.542,26.072,25.689,214300
2025-06-17,25.237,25.836,25.394,200700
2025-06-18,25.276,25.817,25.65,172500
2025-06-20,25.679,26.151,25.846,430300
2025-06-23,25.522,26.691,26.652,213300
2025-06-24,26.475,27.271,26.671,552300
2025-06-25,25.345,26.18,25.355,386700
2025-06-26,25.385,26.416,26.347,466700
2025-06-27,26.288,26.888,26.809,707500
2025-06-30,26.426,26.907,26.465,307200
2025-07-01,26.249,27.801,27.231,210000
2025-07-02,27.114,27.85,27.821,220100
2025-07-03,28.017,28.42,28.145,158700
2025-07-07,27.438,28.391,27.762,332400
2025-07-08,27.811,28.45,28.165,295600
2025-07-09,27.88,28.371,28.283,250100
2025-07-10,28.155,28.744,28.558,226900
2025-07-11,28.076,28.479,28.184,320300
2025-07-14,28.066,28.528,28.489,179100
2025-07-15,27.428,28.744,27.506,427200
2025-07-16,27.222,28.155,28.106,246300
2025-07-17,27.898,28.79,28.591,327700
2025-07-18,28.344,28.938,28.542,248700
2025-07-21,28.304,28.918,28.363,155000
2025-07-22,28.076,28.571,28.116,289000
2025-07-23,27.808,28.423,28.274,351800
2025-07-24,27.937,29.255,28.036,549200
2025-07-25,27.253,28.185,28.086,228600
2025-07-28,27.957,29.255,28.889,412800
2025-07-29,28.235,29.235,28.393,253700
2025-07-30,27.6,28.651,27.729,192700
2025-07-31,27.194,27.64,27.462,201400
2025-08-01,26.421,27.125,26.887,256500
2025-08-04,26.807,27.888,27.174,144700
2025-08-05,26.679,27.808,27.382,248400
2025-08-06,27.204,27.64,27.263,163800
2025-08-07,26.788,27.59,26.966,133900
2025-08-08,26.798,27.6,27.214,154500
2025-08-11,27.045,27.62,27.343,153700
2025-08-12,27.412,28.899,28.75,246800
2025-08-13,28.75,29.473,29.434,362000
2025-08-14,28.581,29.285,29.206,304700
2025-08-15,28.225,29.325,28.383,157700
2025-08-18,27.6,28.651,28.413,133200
2025-08-19,28.205,28.869,28.304,162100
2025-08-20,28.076,28.621,28.353,130500
2025-08-21,27.997,28.294,28.116,125600
2025-08-22,28.254,29.87,29.84,355800
2025-08-25,29.662,30.593,29.82,173800
2025-08-26,29.672,30.534,30.405,172400
2025-08-27,29.929,30.801,30.326,127700
2025-08-28,30.276,30.593,30.474,174100
2025-08-29,30.306,30.762,30.484,113100
2025-09-02,29.88,30.554,30.276,172000
2025-09-03,29.85,30.682,30.098,121600
2025-09-04,30.088,30.732,30.712,137200
2025-09-05,30.088,31.049,30.355,165600
2025-09-08,30.058,30.742,30.722,207400
2025-09-09,29.909,30.791,30.117,199700
2025-09-10,29.919,30.445,30.286,153200
2025-09-11,30.187,30.732,30.702,166600
2025-09-12,30.266,30.791,30.534,134400
2025-09-15,30.415,30.831,30.534,193200
2025-09-16,29.929,30.682,30.147,194300
2025-09-17,30.227,31.475,30.405,179000
2025-09-18,30.454,31.535,31.495,191300
2025-09-19,30.613,31.485,30.643,626300
2025-09-22,30.147,30.821,30.663,293600
2025-09-23,30.227,31.158,30.246,184600
2025-09-24,29.909,30.474,30.088,135200
2025-09-25,29.672,30.108,29.909,129600
2025-09-26,29.672,30.375,30.137,141400
2025-09-29,29.473,30.326,29.592,173800
2025-09-30,29.087,29.909,29.563,153500
2025-10-01,29.117,29.771,29.592,184700
2025-10-02,29.117,29.761,29.523,126800
2025-10-03,29.394,30.306,29.989,263700
2025-10-06,30.078,30.95,30.365,194800
2025-10-07,30.127,30.851,30.157,139400
2025-10-08,29.949,30.544,30.078,144700
2025-10-09,29.434,30.207,29.701,90800
2025-10-10,28.68,30.375,28.74,203900
2025-10-13,28.71,29.186,29.008,109400
2025-10-14,28.661,30.187,30.058,168000
2025-10-15,29.444,30.286,29.602,139500
2025-10-16,27.333,30.276,27.63,385500
2025-10-17,27.74,28.21,27.82,190800
2025-10-20,27.16,28.98,28.85,170000
2025-10-21,28.55,29.05,28.9,142000
2025-10-22,28.9,29.77,29.66,276000
2025-10-23,27.31,28.8,27.43,480500
2025-10-24,27.66,28.46,27.84,233100
2025-10-27,27.04,28.03,27.31,226100
2025-10-28,26.88,27.27,27.1,199700
2025-10-29,25.92,27.27,26.17,269900
2025-10-30,26.1,26.68,26.34,254800
2025-10-31,25.83,26.56,26.25,207700
2025-11-03,25.75,26.59,26.44,277400
2025-11-04,25.95,26.51,26.22,323100
2025-11-05,26.26,26.88,26.62,229500
2025-11-06,26.11,26.62,26.39,247900
2025-11-07,25.83,27.07,26.97,194500
2025-11-10,26.33,27.34,26.57,310000
2025-11-11,26.29,26.79,26.39,513500
2025-11-12,26.46,27.35,27.2,366000
2025-11-13,26.7,27.45,26.85,229500
2025-11-14,25.87,27.25,27.15,323900
2025-11-17,25.63,27.16,25.78,434100
2025-11-18,25.64,26.55,26.39,243000
2025-11-19,26.04,26.66,26.36,161400
2025-11-20,26.0,27.16,26.08,116400
2025-11-21,26.07,27.61,27.24,235600
2025-11-24,26.75,27.75,27.46,199700
2025-11-25,27.6,29.06,28.59,303800
2025-11-26,28.24,29.0,28.59,455700
2025-11-28,28.18,28.67,28.35,145400
2025-12-01,27.81,28.98,28.86,186600
2025-12-02,28.6,29.47,29.09,290900
2025-12-03,29.1,29.92,29.74,243700
2025-12-04,29.27,30.05,29.89,183900
2025-12-05,29.36,30.1,29.66,221600
2025-12-08,29.32,30.04,29.74,268900
